Div,Date,Time,HomeTeam,AwayTeam,FTHG,FTAG,FTR,HTHG,HTAG,HTR,HS,AS,HST,AST,HF,AF,HC,AC,HY,AY,HR,AR,B365H,B365D,B365A,BWH,BWD,BWA,IWH,IWD,IWA,PSH,PSD,PSA,WHH,WHD,WHA,VCH,VCD,VCA,MaxH,MaxD,MaxA,AvgH,AvgD,AvgA,B365>2.5,B365<2.5,P>2.5,P<2.5,Max>2.5,Max<2.5,Avg>2.5,Avg<2.5,AHh,B365AHH,B365AHA,PAHH,PAHA,MaxAHH,MaxAHA,AvgAHH,AvgAHA,B365CH,B365CD,B365CA,BWCH,BWCD,BWCA,IWCH,IWCD,IWCA,PSCH,PSCD,PSCA,WHCH,WHCD,WHCA,VCCH,VCCD,VCCA,MaxCH,MaxCD,MaxCA,AvgCH,AvgCD,AvgCA,B365C>2.5,B365C<2.5,PC>2.5,PC<2.5,MaxC>2.5,MaxC<2.5,AvgC>2.5,AvgC<2.5,AHCh,B365CAHH,B365CAHA,PCAHH,PCAHA,MaxCAHH,MaxCAHA,AvgCAHH,AvgCAHA
E3,7/8/2021,15:00,Carlisle,Colchester,0,0,D,0,0,D,18,10,6,3,17,14,7,8,2,0,0,0,2.1,3.4,3.5,2.1,3.4,3.25,2.05,3.15,3.5,2.09,3.42,3.73,2.05,3.2,3.4,2.1,3.4,3.4,2.2,3.52,3.73,2.09,3.32,3.5,2.1,1.7,2.14,1.74,2.17,1.77,2.1,1.71,-0.25,1.85,2,1.79,2.09,1.88,2.09,1.81,2.02,1.95,3.3,4.1,2.05,3.2,3.6,2.05,2.95,3.85,2.1,3.19,4.09,2,3.2,3.6,2.05,3.3,3.9,2.14,3.4,4.1,2.05,3.21,3.81,2.4,1.53,2.5,1.56,2.5,1.65,2.37,1.57,-0.25,1.75,2.05,1.78,2.13,1.82,2.13,1.75,2.08
E3,7/8/2021,15:00,Exeter,Bradford,0,0,D,0,0,D,12,14,4,4,8,7,5,5,2,0,0,0,2.3,3.25,3,2.3,3.3,3,2.35,3.1,2.95,2.39,3.36,3.1,2.25,3.1,3.1,2.3,3.3,3,2.43,3.4,3.2,2.32,3.25,3.04,2.15,1.66,2.19,1.71,2.23,1.73,2.15,1.68,-0.25,2.02,1.83,2.05,1.83,2.05,1.92,2,1.83,2.4,3.3,3,2.5,3.25,2.7,2.45,2.95,2.8,2.57,3.18,3.03,2.45,3.1,2.8,2.55,3.2,2.9,2.64,3.3,3.07,2.51,3.14,2.89,2.2,1.65,2.27,1.68,2.28,1.71,2.2,1.65,0,1.8,2.05,1.79,2.12,1.87,2.12,1.8,2.03
E3,7/8/2021,15:00,Forest Green,Sutton,2,1,H,1,0,H,12,9,2,2,11,12,4,6,3,0,0,0,1.8,3.75,4.2,1.87,3.6,3.8,1.83,3.45,4,1.85,3.72,4.28,1.8,3.5,4,1.83,3.6,4.1,1.91,3.84,4.32,1.84,3.6,4.07,1.93,1.93,1.9,1.95,1.94,1.98,1.87,1.92,-0.5,1.85,2,1.85,2.02,1.87,2.05,1.84,1.98,2.3,3.5,3.1,2.2,3.2,3.25,2.15,2.95,3.4,2.28,3.18,3.57,2.15,3.2,3.2,2.25,3.3,3.3,2.31,3.5,4,2.21,3.17,3.42,2.35,1.57,2.48,1.57,2.53,1.85,2.31,1.6,-0.25,1.98,1.83,1.93,1.95,2.03,1.99,1.91,1.9
E3,7/8/2021,15:00,Harrogate,Rochdale,3,2,H,2,1,H,17,14,8,5,12,16,9,4,1,2,0,0,2.2,3.3,3.25,2.25,3.2,3.1,2.25,3.2,2.95,2.33,3.49,3.1,2.3,3.2,2.9,2.25,3.4,3,2.43,3.52,3.28,2.27,3.34,3.06,2.07,1.72,2.05,1.82,2.1,1.82,2.04,1.76,-0.25,2,1.85,2.01,1.86,2.03,1.95,1.97,1.85,2.15,3.3,3.5,2.2,3.3,3.1,2.15,3.1,3.3,2.22,3.35,3.5,2.15,3.2,3.2,2.2,3.3,3.4,2.25,3.52,3.53,2.18,3.28,3.32,2.05,1.8,2.07,1.81,2.09,1.83,2.02,1.78,-0.25,1.9,1.95,1.9,1.98,1.94,1.98,1.88,1.94
E3,7/8/2021,15:00,Hartlepool,Crawley Town,1,0,H,0,0,D,12,3,3,0,6,15,4,3,0,0,0,0,2.2,3.25,3.3,2.3,3.2,3,2.2,3.1,3.2,2.26,3.3,3.34,2.15,3.2,3.2,2.25,3.25,3.2,2.31,3.48,3.34,2.24,3.24,3.22,2.1,1.7,2.14,1.72,2.2,1.8,2.11,1.71,-0.25,1.95,1.9,1.94,1.93,1.98,1.95,1.92,1.89,2.15,3.4,3.5,2.15,3.25,3.25,2.2,3,3.3,2.27,3.32,3.44,2.15,3.2,3.2,2.25,3.25,3.4,2.27,3.45,3.51,2.22,3.24,3.31,2.15,1.66,2.24,1.69,2.25,1.72,2.16,1.68,-0.25,1.9,1.95,1.93,1.95,1.96,1.98,1.9,1.91
E3,7/8/2021,15:00,Mansfield,Bristol Rvs,2,1,H,1,0,H,17,3,3,2,14,15,6,4,2,2,0,1,2.37,3.25,3,2.37,3.25,2.9,2.3,3,2.95,2.41,3.27,3.2,2.3,3.1,3,2.38,3.3,2.9,2.45,3.4,3.3,2.36,3.21,3.03,2.15,1.66,2.22,1.7,2.25,1.72,2.18,1.68,-0.25,2.05,1.8,2.05,1.83,2.1,1.85,2.03,1.8,2.05,3.25,3.8,1.95,3.4,3.7,2,3.1,3.8,2.01,3.39,4.12,1.95,3.25,3.7,2,3.4,3.9,2.35,3.55,4.26,2.02,3.31,3.8,2.1,1.7,2.19,1.72,2.23,1.76,2.13,1.7,-0.5,1.98,1.88,2.01,1.88,2.06,1.88,1.99,1.83
E3,7/8/2021,15:00,Northampton,Port Vale,1,0,H,1,0,H,8,9,2,2,11,16,4,2,4,2,0,1,2.1,3.4,3.5,2.15,3.3,3.2,2.15,3.1,3.25,2.27,3.35,3.33,2.15,3.2,3.2,2.15,3.3,3.3,2.29,3.48,3.5,2.2,3.28,3.28,2.1,1.7,2.14,1.74,2.17,1.77,2.11,1.71,-0.25,1.9,1.95,1.94,1.93,1.94,2.03,1.89,1.92,2.37,3.3,3.2,2.25,3.2,3.1,2.3,2.9,3.05,2.45,3.13,3.28,2.25,3.1,3.1,2.38,3.25,3.13,2.46,3.3,3.28,2.35,3.12,3.16,2.35,1.57,2.5,1.57,2.51,1.65,2.37,1.57,-0.25,2.05,1.8,2.07,1.83,2.08,1.87,2.01,1.81
E3,7/8/2021,15:00,Oldham,Newport County,0,1,A,0,0,D,6,3,0,2,17,7,2,2,3,2,0,0,2.62,3.25,2.62,2.55,3.3,2.6,2.5,3.1,2.6,2.68,3.32,2.71,2.55,3.2,2.6,2.6,3.3,2.63,2.7,3.5,2.72,2.61,3.26,2.65,2.05,1.75,2.03,1.83,2.08,1.86,2,1.8,0,1.93,1.93,1.93,1.94,1.96,1.97,1.9,1.92,3.4,3.4,2.1,2.55,3.3,2.6,3.3,3.05,2.2,3.43,3.4,2.23,3.2,3.1,2.2,3.3,3.4,2.2,3.52,3.45,2.33,3.28,3.29,2.21,2.1,1.7,2.18,1.72,2.21,1.75,2.13,1.7,0.25,1.98,1.88,1.97,1.92,2.04,1.96,1.92,1.89
E3,7/8/2021,15:00,Salford,Leyton Orient,1,1,D,1,1,D,13,11,6,5,11,11,7,5,1,1,0,0,1.9,3.4,4,1.95,3.4,3.8,1.95,3.2,3.95,1.96,3.43,4.18,1.88,3.25,4,1.93,3.4,3.9,2,3.58,4.21,1.94,3.36,3.96,2.15,1.66,2.2,1.7,2.25,1.72,2.16,1.68,-0.5,1.95,1.9,1.96,1.91,1.98,1.93,1.93,1.88,1.9,3.5,4.2,1.95,3.4,3.8,1.95,3.1,3.9,1.97,3.44,4.21,1.9,3.2,3.9,2,3.4,4,2.01,3.5,4.22,1.96,3.33,3.95,2.25,1.61,2.33,1.65,2.34,1.68,2.25,1.63,-0.5,1.98,1.88,1.97,1.92,2.01,1.92,1.95,1.86
E3,7/8/2021,15:00,Scunthorpe,Swindon,1,3,A,0,0,D,11,16,4,8,20,8,6,4,0,3,0,0,2.87,3.3,2.4,2.9,3.25,2.35,2.95,3.15,2.25,3.06,3.44,2.37,3.1,3.1,2.25,3,3.3,2.3,3.24,3.45,2.48,3.01,3.31,2.32,2.1,1.7,2.13,1.75,2.17,1.77,2.1,1.72,0.25,1.8,2.05,1.84,2.04,1.91,2.05,1.83,1.98,2.6,3.3,2.75,2.8,3.1,2.5,2.6,2.9,2.65,2.83,3.15,2.76,2.7,3,2.62,2.7,3.2,2.7,2.86,3.3,2.84,2.72,3.09,2.7,2.3,1.6,2.4,1.61,2.41,1.65,2.31,1.6,0,1.93,1.93,1.97,1.92,1.97,1.99,1.91,1.91
E3,7/8/2021,15:00,Stevenage,Barrow,1,0,H,0,0,D,9,10,3,2,20,14,1,4,4,6,0,0,2.15,3.2,3.5,2.15,3.1,3.4,2.15,3.05,3.3,2.24,3.25,3.52,2.15,3.1,3.3,2.2,3.2,3.3,2.33,3.4,3.54,2.2,3.18,3.37,2.25,1.61,2.27,1.66,2.38,1.68,2.25,1.63,-0.25,1.9,1.95,1.91,1.96,1.95,1.99,1.88,1.93,2.05,3.3,3.75,2.1,2.95,3.75,2.1,2.9,3.7,2.15,3.21,3.88,2.1,3.1,3.5,2.1,3.25,3.7,2.23,3.3,3.88,2.12,3.14,3.68,2.6,1.47,2.7,1.5,2.74,1.55,2.58,1.48,-0.25,1.8,2.05,1.83,2.07,1.84,2.09,1.8,2.02
E3,7/8/2021,15:00,Tranmere,Walsall,1,0,H,0,0,D,10,17,3,4,13,17,8,2,3,2,1,0,2,3.4,3.75,2,3.3,3.6,2.05,3.15,3.65,2.08,3.4,3.86,2,3.2,3.6,2,3.4,3.6,2.13,3.5,3.86,2.05,3.31,3.63,2.15,1.66,2.21,1.71,2.25,1.72,2.17,1.68,-0.5,2.05,1.8,2.07,1.81,2.1,1.83,2.03,1.79,2,3.4,3.8,1.98,3.4,3.7,2,3.1,3.8,2.01,3.4,4.11,1.95,3.2,3.75,2,3.4,3.9,2.08,3.45,4.11,2,3.31,3.88,2.25,1.61,2.32,1.65,2.38,1.67,2.26,1.63,-0.5,2.02,1.83,2.01,1.88,2.08,1.88,1.98,1.83
E3,14/08/2021,15:00,Barrow,Hartlepool,3,2,H,1,1,D,10,14,3,5,10,12,2,1,2,1,0,0,2.5,3.4,2.8,2.55,3.4,2.55,2.45,3.05,2.8,2.49,3.29,3.01,2.4,3.1,2.87,2.5,3.3,2.88,2.6,3.4,3.01,2.47,3.24,2.87,2.15,1.66,2.26,1.67,2.26,1.75,2.18,1.67,0,1.85,2.08,1.75,2.13,1.87,2.13,1.78,2.07,2.1,3.5,3.4,2.55,3.4,2.55,2.15,3,3.4,2.23,3.36,3.49,2.15,3.1,3.3,2.2,3.25,3.5,2.55,3.5,3.74,2.18,3.23,3.42,2.4,1.53,2.51,1.56,2.55,1.62,2.41,1.55,-0.25,1.92,2.01,1.91,1.98,1.93,2.05,1.84,1.99
E3,14/08/2021,15:00,Bradford,Oldham,2,1,H,1,0,H,19,12,4,2,16,9,6,7,3,3,0,0,1.8,3.5,4.75,1.77,3.4,4.75,1.75,3.3,4.5,1.79,3.48,5.1,1.75,3.25,4.75,1.87,3.5,4.33,1.87,3.6,5.15,1.8,3.45,4.69,1.9,2.03,1.85,2,1.9,2.03,1.83,1.96,-0.75,2.05,1.75,2.04,1.84,2.06,1.88,2.01,1.8,1.75,3.75,4.75,1.73,3.5,4.8,1.8,3.5,4.1,1.84,3.73,4.48,1.7,3.4,4.75,1.8,3.8,4.33,1.86,3.82,5.25,1.79,3.6,4.43,1.75,2.05,1.79,2.08,1.84,2.16,1.78,2.02,-0.75,2.08,1.85,2.08,1.81,2.08,1.9,2.02,1.82
E3,14/08/2021,15:00,Bristol Rvs,Stevenage,0,2,A,0,0,D,7,8,1,2,9,20,2,2,1,1,0,0,2.3,3.4,3.1,2.25,3.3,3,2.25,3.15,2.9,2.3,3.47,3.16,2.3,3.1,3,2.3,3.4,3.13,2.41,3.5,3.2,2.28,3.35,3.08,2.15,1.66,2.19,1.7,2.23,1.73,2.16,1.68,-0.25,2.05,1.88,1.99,1.88,2.06,1.9,1.97,1.85,2.25,3.4,3.2,2.25,3.25,3.1,2.3,2.95,3.1,2.38,3.28,3.24,2.3,3.1,3,2.38,3.3,3.13,2.42,3.45,3.31,2.31,3.21,3.13,2.4,1.53,2.47,1.58,2.47,1.65,2.35,1.57,-0.25,2.05,1.88,2.03,1.86,2.07,1.9,2,1.83
E3,14/08/2021,15:00,Colchester,Northampton,0,1,A,0,1,A,12,8,5,3,10,15,8,3,0,3,0,1,2.62,3.2,2.8,2.6,3.3,2.6,2.5,3.1,2.65,2.64,3.34,2.78,2.5,3.1,2.7,2.6,3.3,2.75,2.66,3.38,2.85,2.58,3.24,2.73,2.15,1.66,2.19,1.7,2.25,1.73,2.16,1.68,0,1.91,2.02,1.88,1.99,1.91,2.03,1.86,1.97,2.5,3,3.1,2.6,3.25,2.6,2.45,2.85,2.95,2.54,3.08,3.18,2.45,3,2.87,2.55,3.1,3,2.75,3.25,3.21,2.55,3.02,2.93,2.5,1.5,2.64,1.52,2.64,1.65,2.47,1.53,0,1.68,2.15,1.74,2.18,1.89,2.18,1.77,2.08
E3,14/08/2021,15:00,Leyton Orient,Exeter,3,0,H,2,0,H,10,8,7,4,8,11,3,7,1,0,0,1,2.3,3.3,3.2,2.45,3.2,2.8,2.25,3.2,2.95,2.32,3.46,3.14,2.3,3.25,2.9,2.3,3.4,3.1,2.38,3.58,3.22,2.29,3.36,3.04,1.9,1.9,1.93,1.93,1.98,1.94,1.91,1.88,-0.25,2.04,1.89,2,1.88,2.06,1.89,1.98,1.85,2.25,3.3,3.2,2.45,3.2,2.8,2.3,3.05,2.95,2.43,3.3,3.13,2.25,3.2,3,2.38,3.3,3.1,2.46,3.4,3.23,2.34,3.24,3.04,2.15,1.66,2.2,1.71,2.23,1.8,2.11,1.71,-0.25,2.09,1.84,2.08,1.83,2.09,1.86,2.03,1.82
E3,14/08/2021,15:00,Mansfield,Newport County,2,1,H,2,1,H,9,9,5,4,18,12,3,5,2,3,0,0,1.95,3.3,4.2,2,3,4.1,1.97,3.05,4,1.98,3.29,4.32,2,3.1,3.8,2,3.3,4,2.07,3.3,4.33,1.97,3.23,4.09,2.15,1.66,2.16,1.72,2.25,1.73,2.15,1.68,-0.5,2.01,1.92,1.98,1.89,2.02,1.93,1.95,1.87,1.85,3.3,4.75,2.05,2.87,4.2,1.85,3.1,4.5,1.85,3.45,4.87,1.95,3,4.2,2,3.25,4.2,2.05,3.45,4.9,1.93,3.19,4.33,2.3,1.6,2.35,1.63,2.47,1.65,2.33,1.58,-0.5,1.9,2.03,1.85,2.04,2.02,2.04,1.91,1.91
E3,14/08/2021,15:00,Port Vale,Tranmere,0,0,D,0,0,D,14,10,3,2,16,10,7,3,0,2,0,0,2.4,3.3,3,2.8,3.2,2.5,2.35,3.05,2.85,2.46,3.31,3.03,2.45,3.1,2.8,2.45,3.25,3,2.54,3.36,3.14,2.42,3.23,2.96,2.15,1.66,2.22,1.69,2.25,1.72,2.17,1.67,-0.25,2.13,1.81,2.1,1.79,2.13,1.81,2.07,1.77,2.45,3.3,3,2.8,3.2,2.5,2.5,2.9,2.9,2.55,3.2,3.04,2.37,3.1,2.9,2.45,3.2,3,2.57,3.3,3.13,2.45,3.12,2.97,2.35,1.57,2.46,1.58,2.46,1.62,2.35,1.58,-0.25,2.08,1.73,2.16,1.75,2.16,1.85,2.09,1.75
E3,14/08/2021,15:00,Rochdale,Scunthorpe,0,0,D,0,0,D,15,11,2,2,5,11,6,1,0,0,0,0,1.9,3.5,4.2,1.98,3.4,3.6,1.9,3.25,3.85,1.94,3.54,4.11,1.91,3.25,3.8,1.95,3.4,4.1,2.01,3.6,4.2,1.93,3.43,3.95,2.1,1.7,2.11,1.75,2.15,1.78,2.11,1.72,-0.5,1.97,1.96,1.94,1.93,1.98,1.96,1.93,1.89,1.61,3.9,5.5,1.63,3.75,5.25,1.63,3.5,5.5,1.65,3.86,5.85,1.6,3.5,5.5,1.65,3.9,5.5,1.9,4,5.9,1.64,3.74,5.4,2.1,1.7,2.22,1.7,2.22,1.74,2.13,1.69,-0.75,1.88,2.05,1.86,2.03,1.89,2.08,1.82,2.02
E3,14/08/2021,15:00,Salford,Sutton,0,0,D,0,0,D,15,9,6,3,14,10,3,2,3,1,0,0,1.85,3.6,4.2,1.75,3.6,4.4,1.85,3.4,4,1.86,3.7,4.29,1.83,3.4,4,1.9,3.4,4.33,1.95,3.72,4.53,1.86,3.54,4.15,2.15,1.66,2.16,1.72,2.21,1.74,2.14,1.69,-0.5,1.89,2.04,1.86,2.02,1.93,2.04,1.85,1.97,1.9,3.5,4.2,1.75,3.6,4.4,1.97,3.05,4,1.97,3.39,4.31,1.88,3.2,4,1.93,3.5,4.1,2.03,3.5,4.33,1.93,3.33,4.09,2.35,1.57,2.39,1.61,2.4,1.66,2.3,1.59,-0.5,2,1.93,1.97,1.92,2.03,1.94,1.93,1.89
E3,14/08/2021,15:00,Swindon,Carlisle,1,2,A,1,2,A,14,11,4,7,10,14,3,7,1,2,1,0,2.9,3.3,2.45,2.85,3.3,2.35,2.75,3.05,2.45,2.85,3.31,2.59,2.75,3.1,2.45,2.9,3.2,2.55,2.96,3.42,2.64,2.82,3.23,2.51,2.1,1.7,2.12,1.75,2.2,1.76,2.1,1.72,0,2.05,1.75,2.04,1.84,2.14,1.84,2.02,1.81,2.62,3.25,2.75,2.75,3.25,2.45,2.5,2.95,2.7,2.69,3.17,2.89,2.5,3.1,2.7,2.6,3.25,2.8,2.75,3.38,2.92,2.62,3.15,2.73,2.15,1.66,2.22,1.7,2.23,1.74,2.13,1.69,0,1.89,2.04,1.87,2.02,1.95,2.05,1.88,1.96
E3,14/08/2021,15:00,Walsall,Forest Green,1,3,A,0,3,A,8,20,4,7,12,10,5,9,1,3,0,0,2.8,3.2,2.6,2.65,3,2.65,2.65,3,2.55,2.83,3.21,2.68,2.7,3.1,2.55,2.8,3.2,2.63,2.9,3.32,2.7,2.76,3.16,2.61,2.25,1.61,2.32,1.64,2.34,1.67,2.28,1.62,0,2.03,1.9,1.99,1.88,2.06,1.9,1.98,1.86,2.7,3.2,2.7,2.65,3,2.65,2.7,2.9,2.65,2.8,3.19,2.76,2.7,3,2.6,2.75,3.2,2.7,2.82,3.32,2.76,2.72,3.11,2.66,2.25,1.61,2.32,1.65,2.37,1.67,2.27,1.62,0,2,1.93,1.95,1.93,2.02,1.96,1.94,1.89
E3,17/08/2021,19:45,Barrow,Exeter,0,0,D,0,0,D,14,5,2,2,6,11,10,1,3,2,0,0,2.3,3.3,3,2.4,2.95,3.1,2.35,2.95,3,2.41,3.16,3.32,2.45,2.75,3.1,2.45,3.2,3,2.55,3.3,3.32,2.41,3.06,3.09,2.15,1.66,2.24,1.69,2.26,1.74,2.15,1.68,-0.25,2.02,1.83,2.04,1.85,2.13,1.87,2.05,1.78,2.3,3.3,3,2.4,2.87,3.2,2.35,2.95,3.05,2.38,3.25,3.29,2.4,2.75,3.2,2.38,3.2,3.13,2.5,3.3,3.35,2.36,3.09,3.16,2.25,1.61,2.29,1.67,2.36,1.68,2.26,1.62,-0.25,2,1.85,2.02,1.87,2.08,1.87,2.01,1.82
E3,17/08/2021,19:45,Bradford,Stevenage,4,1,H,3,1,H,22,8,7,3,7,6,10,3,1,0,0,0,2.25,3,3.75,2.3,3,3.25,2.25,2.85,3.35,2.3,3.1,3.62,2.15,3,3.4,2.3,3.1,3.4,2.33,3.2,3.75,2.25,3.02,3.45,2.35,1.57,2.45,1.59,2.46,1.61,2.36,1.57,-0.25,1.95,1.9,1.94,1.94,2.02,1.95,1.92,1.89,2.25,3,3.6,2.3,3,3.25,2.25,2.85,3.3,2.36,3,3.63,2.15,3,3.4,2.3,3.1,3.4,2.36,3.15,3.63,2.27,3.01,3.42,2.35,1.57,2.46,1.58,2.51,1.63,2.36,1.56,-0.25,1.98,1.88,1.98,1.91,2.02,1.95,1.93,1.89
E3,17/08/2021,19:45,Bristol Rvs,Oldham,1,0,H,1,0,H,14,9,2,2,9,15,4,5,2,3,0,0,1.85,3.6,4.2,1.87,3.7,3.75,1.9,3.35,3.9,1.93,3.69,4.08,1.9,3.3,3.75,1.93,3.6,4,1.96,3.72,4.2,1.9,3.54,3.9,1.95,1.85,1.98,1.89,2.03,1.91,1.93,1.85,-0.5,1.9,1.95,1.93,1.96,1.96,1.98,1.9,1.9,1.9,3.6,4,1.95,3.5,3.6,1.95,3.3,3.75,1.96,3.62,4.01,1.95,3.3,3.7,1.95,3.6,3.9,2.01,3.72,4.01,1.95,3.53,3.77,1.85,1.95,1.87,2,1.92,2.01,1.86,1.92,-0.5,1.93,1.93,1.96,1.93,1.99,1.98,1.93,1.89
E3,17/08/2021,19:45,Colchester,Mansfield,1,1,D,0,0,D,10,17,4,5,7,19,3,6,1,2,0,0,3.1,3.3,2.37,2.95,3.1,2.4,3,2.9,2.35,3.29,3.1,2.46,2.9,3.1,2.35,3.1,3.2,2.4,3.29,3.3,2.51,3.09,3.08,2.41,2.4,1.53,2.54,1.55,2.54,1.62,2.37,1.57,0.25,1.8,2.05,1.83,2.08,1.84,2.11,1.78,2.05,3.1,3.3,2.37,2.95,3.1,2.4,2.9,2.95,2.45,3.1,3.27,2.47,3,3,2.35,3.13,3.2,2.4,3.25,3.3,2.5,3.07,3.13,2.39,2.4,1.53,2.46,1.58,2.53,1.59,2.41,1.54,0.25,1.77,2.1,1.8,2.11,1.86,2.11,1.79,2.04
E3,17/08/2021,19:45,Crawley Town,Salford,2,1,H,1,1,D,11,9,2,6,7,7,5,6,1,0,0,0,4.2,3.4,1.9,3.8,3.3,1.98,3.8,3.2,1.95,3.89,3.58,2.01,3.75,3.25,1.95,3.9,3.5,1.95,4.2,3.6,2.06,3.82,3.41,1.96,2.1,1.7,2.15,1.74,2.25,1.76,2.12,1.7,0.5,1.88,1.98,1.88,2.01,1.92,2.02,1.86,1.95,3.8,3.4,2,3.75,3.3,1.98,3.6,3.15,2.05,3.75,3.47,2.09,3.7,3.25,1.95,3.8,3.5,2,4,3.54,2.13,3.73,3.38,2.01,2.15,1.66,2.22,1.7,2.22,1.75,2.13,1.7,0.5,1.83,2.02,1.82,2.09,1.92,2.09,1.83,1.99
E3,17/08/2021,19:45,Port Vale,Carlisle,0,0,D,0,0,D,12,13,1,3,12,13,6,5,0,2,0,0,2.4,3.3,3,2.5,3.1,2.8,2.4,3,2.85,2.47,3.29,3.08,2.37,3.1,2.87,2.45,3.2,3,2.52,3.35,3.11,2.42,3.18,2.95,2.25,1.61,2.32,1.65,2.32,1.71,2.22,1.64,-0.25,2.05,1.75,2.11,1.8,2.11,1.83,2.07,1.76,2.3,3.25,3.2,2.45,3.1,2.9,2.3,3,2.95,2.41,3.32,3.16,2.35,3.1,2.9,2.45,3.2,3,2.52,3.35,3.26,2.39,3.19,3,2.25,1.61,2.26,1.68,2.33,1.71,2.24,1.63,-0.25,2.02,1.83,2.06,1.84,2.13,1.84,2.05,1.78
E3,17/08/2021,19:45,Rochdale,Forest Green,1,2,A,0,1,A,10,11,2,3,9,11,4,6,1,0,0,0,3.2,3.4,2.25,2.9,3.25,2.35,2.95,3.1,2.3,3.21,3.35,2.36,3,3.2,2.25,3.1,3.3,2.38,3.27,3.4,2.41,3.07,3.28,2.3,2,1.8,2.05,1.83,2.06,1.89,1.98,1.81,0.25,1.85,2,1.87,2.02,1.88,2.07,1.83,1.99,3.1,3.4,2.3,2.9,3.25,2.35,2.9,3.1,2.3,3.09,3.38,2.42,2.9,3.2,2.3,3.13,3.4,2.25,3.32,3.4,2.42,3.04,3.29,2.32,2,1.8,2.04,1.84,2.06,1.86,1.99,1.8,0.25,1.8,2.05,1.83,2.07,1.94,2.07,1.83,1.99
E3,17/08/2021,19:45,Swindon,Tranmere,0,0,D,0,0,D,13,14,6,3,15,22,7,4,1,3,0,0,2.6,3.4,2.7,2.6,3.25,2.6,2.5,3.05,2.65,2.64,3.41,2.77,2.5,3.2,2.62,2.63,3.4,2.7,2.7,3.48,2.77,2.6,3.32,2.66,2.05,1.75,2.07,1.8,2.1,1.83,2.03,1.77,0,1.88,1.98,1.89,1.99,1.94,2.01,1.89,1.93,2.55,3.3,2.75,2.6,3.25,2.6,2.5,3,2.7,2.59,3.29,2.91,2.5,3.1,2.7,2.63,3.3,2.75,2.7,3.4,2.91,2.57,3.23,2.75,2.15,1.66,2.21,1.71,2.27,1.75,2.13,1.7,0,1.83,2.02,1.83,2.06,1.93,2.06,1.86,1.97
E3,17/08/2021,19:45,Walsall,Scunthorpe,1,1,D,0,0,D,17,10,1,2,13,12,5,3,1,2,0,0,1.83,3.6,4.33,1.87,3.6,3.8,1.85,3.3,4.1,1.88,3.62,4.42,1.83,3.4,4,1.87,3.6,4.2,1.93,3.68,4.42,1.86,3.51,4.13,2.05,1.75,2.09,1.78,2.19,1.8,2.07,1.74,-0.5,1.88,1.98,1.88,2.02,1.91,2.02,1.86,1.95,2,3.3,4,1.93,3.3,3.9,2,3,3.95,2.03,3.3,4.2,1.95,3.1,4,2,3.3,4,2.05,3.4,4.3,1.99,3.23,4,2.5,1.5,2.59,1.53,2.71,1.57,2.52,1.51,-0.5,2.02,1.83,2.03,1.87,2.06,1.89,1.98,1.84
E3,21/08/2021,15:00,Carlisle,Leyton Orient,1,1,D,1,0,H,7,5,2,2,13,13,4,4,0,5,0,0,2.15,3.25,3.6,2.15,3.25,3.3,2.15,3.1,3.35,2.23,3.27,3.5,2.05,3.25,3.4,2.2,3.3,3.4,2.25,3.54,3.6,2.17,3.24,3.38,2.05,1.75,2.06,1.79,2.08,1.85,2.03,1.77,-0.25,1.93,2,1.91,1.96,1.93,2.02,1.86,1.96,2.2,3.2,3.5,2.15,3.1,3.4,2.2,3,3.3,2.25,3.26,3.54,2.15,3,3.4,2.25,3.2,3.4,2.31,3.4,3.55,2.22,3.18,3.37,2.25,1.61,2.27,1.67,2.33,1.72,2.22,1.65,-0.25,1.95,1.98,1.92,1.97,1.98,1.98,1.9,1.92
E3,21/08/2021,15:00,Exeter,Bristol Rvs,4,1,H,4,0,H,19,19,9,9,7,6,3,4,1,2,0,0,2.2,3.25,3.5,2.2,3.25,3.2,2.25,3.05,3.15,2.35,3.2,3.33,2.25,3,3.2,2.3,3.25,3.2,2.4,3.32,3.5,2.28,3.18,3.21,2.05,1.88,2.07,1.79,2.08,1.88,2.02,1.78,-0.25,2,1.93,2,1.88,2,1.93,1.95,1.87,2.45,3.1,3,2.4,3,3,2.45,2.85,2.9,2.55,3.08,3.16,2.4,3,2.9,2.5,3.2,3,2.59,3.2,3.19,2.48,3.04,3.01,2.25,1.61,2.32,1.65,2.38,1.74,2.24,1.64,0,1.7,2.1,1.75,2.17,1.8,2.17,1.75,2.09
E3,21/08/2021,15:00,Forest Green,Crawley Town,6,3,H,2,2,D,19,10,11,4,6,12,7,4,1,2,0,0,1.75,3.5,5,1.78,3.4,4.6,1.77,3.3,4.5,1.81,3.41,5.06,1.83,3.4,4,1.85,3.75,4.1,1.88,3.75,5.06,1.81,3.46,4.52,1.88,2.05,1.83,2.04,1.91,2.05,1.83,1.97,-0.75,2.07,1.86,2.07,1.82,2.08,1.86,2.05,1.78,1.65,3.6,5.75,1.68,3.4,5.5,1.7,3.4,4.9,1.72,3.64,5.52,1.65,3.4,5.25,1.75,3.75,4.8,1.75,3.75,6.15,1.7,3.59,5.17,1.9,1.9,1.93,1.93,2,1.97,1.9,1.89,-0.75,1.96,1.97,1.93,1.95,1.96,1.98,1.9,1.93
E3,21/08/2021,15:00,Harrogate,Barrow,2,1,H,0,1,A,13,12,6,4,8,15,7,4,1,3,0,0,2.37,3.4,2.87,2.15,3.5,3.1,2.15,3.25,3.15,2.17,3.44,3.24,,,,2.2,3.5,3.25,2.37,3.5,3.36,2.19,3.42,3.2,2.05,1.75,1.96,1.88,2.05,1.89,1.96,1.82,-0.25,,,1.89,1.95,1.95,2,1.88,1.94,2.3,3.4,3.2,2.2,3.2,3.25,2.3,3,3,2.39,3.26,3.25,2.3,3.1,3,2.3,3.4,3.1,2.43,3.4,3.26,2.31,3.23,3.14,2.1,1.7,2.18,1.72,2.25,1.77,2.13,1.7,-0.25,2.02,1.83,2.04,1.85,2.05,1.88,1.98,1.84
E3,21/08/2021,15:00,Hartlepool,Walsall,2,0,H,1,0,H,14,8,7,1,10,12,2,3,3,1,0,0,2.2,3.3,3.4,2.1,3.4,3.25,2.2,3.1,3.2,2.28,3.35,3.32,2.2,3.2,3.1,2.25,3.3,3.3,2.33,3.4,3.4,2.23,3.26,3.24,2.15,1.66,2.23,1.68,2.26,1.71,2.18,1.67,-0.25,1.96,1.97,1.95,1.92,1.96,1.99,1.92,1.91,2.05,3.4,3.8,2.15,3.3,3.3,2.1,3.05,3.55,2.1,3.42,3.76,2.15,3.1,3.3,2.15,3.3,3.5,2.2,3.44,3.83,2.12,3.27,3.52,2.25,1.61,2.31,1.65,2.35,1.7,2.25,1.63,-0.25,1.75,2.05,1.81,2.1,1.91,2.1,1.82,2
E3,21/08/2021,15:00,Mansfield,Bradford,2,3,A,1,1,D,15,11,5,6,4,13,5,5,0,1,0,0,2.3,3.1,3.4,2.25,3,3.3,2.25,2.95,3.3,2.32,3.13,3.47,2.2,3,3.3,2.25,3.25,3.4,2.35,3.26,3.48,2.27,3.12,3.31,2.1,1.7,2.11,1.76,2.18,1.76,2.09,1.72,-0.25,1.97,1.96,1.97,1.9,1.97,1.99,1.93,1.9,2,3.2,4,2,3.2,3.8,2.1,3.1,3.55,2.1,3.34,3.86,2.1,3.1,3.5,2.1,3.4,3.6,2.2,3.4,4,2.1,3.26,3.61,2.05,1.75,2.08,1.79,2.17,1.8,2.06,1.75,-0.25,1.73,2.08,1.79,2.11,1.88,2.11,1.8,2.02
E3,21/08/2021,15:00,Northampton,Rochdale,1,3,A,1,1,D,11,13,3,5,16,8,4,4,2,0,0,0,1.9,3.6,4,1.98,3.3,3.7,1.95,3.4,3.65,1.95,3.73,3.85,1.88,3.4,3.75,1.95,3.6,3.9,2.05,3.73,4,1.96,3.53,3.69,1.95,1.85,1.95,1.9,2.01,1.92,1.94,1.85,-0.5,1.96,1.97,1.95,1.92,2.02,1.97,1.95,1.86,2.05,3.5,3.5,1.93,3.4,3.9,2.05,3.1,3.55,2.12,3.39,3.73,2,3.3,3.5,2,3.6,3.7,2.15,3.65,4.06,2.03,3.4,3.65,2.1,1.7,2.17,1.73,2.18,1.8,2.09,1.72,-0.5,2.08,1.73,2.12,1.78,2.12,1.88,2.02,1.8
E3,21/08/2021,15:00,Oldham,Colchester,1,2,A,0,2,A,14,13,3,4,11,13,4,2,3,0,0,0,2.55,3.5,2.7,2.55,3.2,2.65,2.45,3.25,2.6,2.53,3.58,2.75,2.5,3.25,2.62,2.55,3.5,2.7,2.63,3.58,2.79,2.52,3.4,2.67,1.95,1.85,1.96,1.89,2.01,1.91,1.94,1.84,0,1.93,2,1.85,2.02,1.96,2.03,1.87,1.96,2.55,3.5,2.7,2.55,3.2,2.65,2.45,3.05,2.75,2.58,3.41,2.84,2.5,3.25,2.62,2.5,3.5,2.75,2.61,3.5,2.88,2.52,3.32,2.75,2.07,1.72,2.13,1.76,2.13,1.85,2.03,1.77,0,1.86,2.07,1.85,2.04,1.89,2.07,1.84,1.99
E3,21/08/2021,15:00,Salford,Swindon,0,1,A,0,0,D,11,6,5,1,14,10,5,0,1,4,0,0,1.83,3.5,4.5,1.82,3.5,4.2,1.83,3.25,4.3,1.86,3.5,4.56,1.78,3.3,4.4,1.85,3.4,4.6,1.9,3.64,4.75,1.83,3.43,4.4,2.15,1.66,2.21,1.69,2.25,1.72,2.17,1.67,-0.5,1.86,2.07,1.86,2.01,1.87,2.12,1.82,2,2.05,3.4,3.8,1.9,3.4,3.9,2.05,3.05,3.6,2.09,3.37,3.85,2.05,3.2,3.5,2,3.5,3.7,2.13,3.52,4.2,2.03,3.31,3.77,2.2,1.65,2.28,1.67,2.29,1.71,2.19,1.66,-0.5,2.08,1.73,2.09,1.81,2.16,1.9,2.03,1.8
E3,21/08/2021,15:00,Scunthorpe,Sutton,1,1,D,0,0,D,8,16,1,6,11,9,11,2,3,1,0,0,3,3.2,2.45,2.75,3.25,2.45,2.85,3.05,2.45,2.98,3.31,2.49,2.87,3.1,2.4,2.9,3.2,2.55,3.02,3.32,2.6,2.89,3.18,2.48,2.25,1.61,2.32,1.63,2.37,1.66,2.27,1.62,0,2.11,1.82,2.13,1.78,2.14,1.88,2.05,1.79,3.75,3.3,2.05,3.4,3,2.2,3.7,2.9,2.1,3.86,3.15,2.19,3.6,3.1,2.05,3.8,3.2,2.1,3.86,3.3,2.22,3.66,3.11,2.14,2.7,1.44,2.77,1.48,2.85,1.54,2.68,1.45,0.25,2.09,1.84,2.04,1.85,2.11,1.88,2,1.82
E3,21/08/2021,15:00,Stevenage,Port Vale,1,1,D,1,1,D,13,12,7,4,13,16,3,5,0,3,0,0,2.4,3.1,3.25,2.5,2.95,2.95,2.35,2.9,2.95,2.53,3.04,3.19,2.35,3.1,2.9,2.45,3.13,3.1,2.55,3.32,3.25,2.43,3.08,3.06,2.25,1.61,2.37,1.61,2.37,1.66,2.27,1.61,-0.25,2.1,1.83,2.13,1.77,2.13,1.86,2.06,1.78,2.8,3,2.75,2.65,3,2.75,2.7,2.75,2.65,2.84,3,2.88,2.7,3,2.62,2.75,3.1,2.75,2.93,3.1,2.91,2.76,2.95,2.78,2.7,1.44,2.77,1.47,2.77,1.57,2.62,1.47,0,1.96,1.97,1.93,1.95,1.98,1.98,1.91,1.92
E3,21/08/2021,15:00,Tranmere,Newport County,0,1,A,0,0,D,11,11,5,3,15,10,5,6,2,1,0,0,2.4,3.25,3.1,,,,2.4,3,2.9,2.48,3.26,3.05,2.4,3,2.9,2.45,3.2,3,2.54,3.3,3.1,2.41,3.18,2.96,2.3,1.6,2.42,1.59,2.42,1.63,2.31,1.59,-0.25,2.11,1.82,2.12,1.78,2.13,1.82,2.07,1.77,2.5,2.9,3.2,,,,2.55,2.75,2.9,2.66,3,3.09,2.55,2.8,2.9,2.6,3,3,2.66,3.04,3.2,2.58,2.93,3.01,2.7,1.44,2.76,1.48,2.8,1.53,2.66,1.46,0,1.82,2.11,1.81,2.11,1.84,2.16,1.77,2.08
E3,24/08/2021,19:45,Leyton Orient,Harrogate,0,2,A,0,2,A,9,10,3,4,11,13,3,4,3,1,0,0,2.3,3.25,3.3,2.4,3.1,2.95,2.45,2.95,2.95,2.48,3.17,3.19,2.35,3.1,2.9,2.45,3.2,3,2.5,3.42,3.3,2.42,3.13,3.06,2.15,1.66,2.2,1.71,2.23,1.76,2.14,1.69,-0.25,2.05,1.75,2.1,1.81,2.1,1.84,2.06,1.78,2.55,3.2,2.9,2.4,3.1,2.95,2.5,2.95,2.8,2.63,3.22,2.93,2.55,2.9,2.8,2.63,3.2,2.8,2.7,3.25,3.1,2.56,3.12,2.86,2.1,1.7,2.18,1.72,2.21,1.74,2.13,1.69,0,1.8,2.05,1.84,2.06,1.86,2.11,1.81,2.02
E3,27/08/2021,19:45,Rochdale,Colchester,1,1,D,0,1,A,16,11,2,1,3,8,5,7,0,3,0,0,2.15,3.4,3.4,2.2,3.2,3.2,2.2,3,3.25,2.22,3.42,3.44,2.2,3.1,3.25,2.2,3.4,3.3,2.32,3.42,3.5,2.21,3.26,3.32,2.25,1.61,2.27,1.68,2.3,1.69,2.23,1.64,-0.25,1.96,1.97,1.91,1.98,1.96,1.99,1.89,1.93,2.15,3.3,3.5,2.15,3.25,3.3,2.1,3.05,3.45,2.18,3.37,3.59,2.1,3.1,3.4,2.15,3.4,3.4,2.24,3.4,3.72,2.15,3.27,3.43,2.2,1.65,2.25,1.68,2.3,1.72,2.21,1.65,-0.25,1.9,2.03,1.87,2.02,1.9,2.05,1.85,1.98
E3,28/08/2021,15:00,Barrow,Bristol Rvs,1,1,D,1,1,D,8,12,3,6,16,16,3,9,4,2,1,0,2.3,3.2,3.3,2.3,3.1,3.1,2.25,2.95,3.1,2.36,3.14,3.38,2.25,3.1,3.1,2.3,3.25,3.25,2.37,3.38,3.38,2.3,3.15,3.22,2.2,1.65,2.3,1.65,2.3,1.69,2.24,1.64,-0.25,2.01,1.92,2,1.87,2.01,1.93,1.96,1.86,2.2,3.25,3.5,2.3,3.1,3.1,2.15,2.95,3.5,2.23,3.21,3.66,2.2,3.1,3.2,2.3,3.2,3.25,2.33,3.38,3.66,2.25,3.17,3.3,2.25,1.61,2.35,1.63,2.38,1.67,2.26,1.62,-0.25,1.96,1.97,1.89,2,2,2.04,1.93,1.89
E3,28/08/2021,15:00,Crawley Town,Northampton,0,0,D,0,0,D,8,15,3,4,12,10,2,6,1,1,0,0,3,3.3,2.45,2.7,3.4,2.4,2.8,3.1,2.35,3.03,3.34,2.44,2.8,3.2,2.37,2.9,3.3,2.5,3.05,3.5,2.54,2.88,3.29,2.43,2,1.8,2.04,1.83,2.1,1.86,2.01,1.79,0.25,1.8,2.14,1.79,2.1,1.8,2.14,1.76,2.08,2.8,3.25,2.6,2.65,3.3,2.5,2.7,3,2.5,2.82,3.25,2.7,2.75,3.1,2.45,2.75,3.3,2.6,3.1,3.44,2.7,2.81,3.2,2.54,2,1.8,2.06,1.83,2.1,1.86,2.01,1.78,0,2.02,1.91,1.99,1.9,2.06,1.92,1.99,1.84
E3,28/08/2021,15:00,Forest Green,Port Vale,0,2,A,0,2,A,6,8,1,5,11,7,5,6,0,3,0,0,2,3.4,4,2.05,3.1,3.7,2.05,3.15,3.55,2.05,3.44,3.84,2,3.1,3.7,2.05,3.4,3.7,2.13,3.44,4,2.04,3.33,3.68,2,1.8,1.99,1.87,2.06,1.91,1.97,1.82,-0.25,1.84,2.09,1.75,2.13,1.84,2.14,1.77,2.07,1.95,3.4,4,1.95,3.2,4,2.05,3.15,3.6,2.05,3.46,3.87,1.95,3.2,3.75,2.05,3.4,3.75,2.12,3.5,4.2,2.01,3.35,3.75,2,1.8,2.03,1.85,2.04,1.88,1.97,1.81,-0.5,2.09,1.84,2.05,1.85,2.12,1.91,2.01,1.81
E3,28/08/2021,15:00,Harrogate,Exeter,1,1,D,1,0,H,16,13,4,3,11,6,7,6,1,0,0,1,2.3,3.4,3.1,2.35,3.4,2.85,2.3,3.15,2.9,2.36,3.41,3.12,2.25,3.3,2.9,2.38,3.4,3,2.42,3.6,3.12,2.34,3.36,2.97,1.9,1.9,1.91,1.94,1.95,1.96,1.89,1.9,-0.25,2.07,1.86,2.03,1.85,2.1,1.86,2.02,1.81,2.05,3.4,3.6,2.1,3.3,3.4,2.05,3.1,3.55,2.08,3.47,3.78,2.05,3.2,3.5,2.05,3.5,3.6,2.25,3.52,3.78,2.09,3.33,3.53,2.1,1.7,2.19,1.72,2.22,1.9,2.11,1.71,-0.25,1.84,2.09,1.78,2.12,1.86,2.12,1.8,2.04
E3,28/08/2021,15:00,Hartlepool,Carlisle,2,1,H,1,1,D,12,5,3,2,15,13,2,1,1,2,0,0,2.55,3.25,2.87,2.6,3.2,2.6,2.5,3,2.7,2.63,3.24,2.86,2.55,3.1,2.7,2.63,3.2,2.8,2.63,3.34,2.9,2.56,3.18,2.78,2.25,1.61,2.27,1.66,2.3,1.69,2.23,1.64,0,1.9,2.03,1.85,2.02,1.94,2.05,1.85,1.98,2.37,3.25,3.1,2.35,3.1,3,2.35,2.95,3.05,2.42,3.18,3.28,2.35,3.1,2.9,2.38,3.25,3.13,2.5,3.34,3.28,2.38,3.14,3.07,2.25,1.61,2.34,1.64,2.38,1.66,2.28,1.61,-0.25,2.06,1.87,2.05,1.84,2.08,1.87,2.04,1.8
E3,28/08/2021,15:00,Leyton Orient,Bradford,2,0,H,0,0,D,14,6,5,2,10,13,8,2,1,2,0,0,2.7,3.2,2.75,2.75,3.1,2.55,2.6,3,2.6,2.74,3.21,2.76,2.6,3.1,2.62,2.75,3.1,2.75,2.8,3.34,2.77,2.69,3.14,2.68,2.25,1.61,2.29,1.65,2.4,1.68,2.26,1.63,0,1.96,1.97,1.93,1.94,1.96,1.98,1.92,1.92,2.7,3.2,2.7,2.75,3,2.6,2.7,2.9,2.6,2.83,3.12,2.79,2.75,3,2.55,2.8,3.13,2.7,2.95,3.32,2.79,2.77,3.08,2.66,2.3,1.6,2.38,1.62,2.38,1.67,2.29,1.6,0,1.94,1.99,1.95,1.93,2.04,2.01,1.93,1.89
E3,28/08/2021,15:00,Salford,Newport County,3,0,H,3,0,H,16,15,5,5,15,12,2,2,4,3,0,0,2.37,3.1,3.25,2.25,3.2,3.1,2.4,2.9,3,2.39,3.14,3.32,2.3,3,3.1,2.4,3.1,3.2,2.48,3.24,3.42,2.37,3.09,3.16,2.5,1.5,2.59,1.52,2.6,1.56,2.51,1.51,-0.25,2.07,1.86,2.02,1.85,2.11,1.86,2.02,1.82,2.05,3.2,4,2.3,3.2,3.1,2.05,2.95,3.65,2.1,3.29,3.96,2.15,3,3.4,2.2,3.1,3.7,2.31,3.29,4.03,2.18,3.12,3.56,2.4,1.53,2.41,1.61,2.68,1.61,2.53,1.5,-0.25,1.73,2.08,1.78,2.12,1.92,2.12,1.83,1.98
E3,28/08/2021,15:00,Scunthorpe,Tranmere,1,0,H,1,0,H,10,5,6,0,13,15,4,6,2,2,0,0,3.6,3.1,2.2,3.6,3.2,2.1,3.55,3,2.1,3.73,3.16,2.2,3.5,3.1,2.1,3.5,3.2,2.2,3.75,3.32,2.24,3.56,3.14,2.17,2.4,1.53,2.45,1.58,2.51,1.59,2.42,1.55,0.25,2.02,1.91,2.01,1.86,2.02,1.91,1.98,1.84,4,3.2,2.1,4,3.2,1.98,3.75,2.9,2.05,4.04,3.14,2.14,3.7,3,2.05,3.8,3.2,2.1,4.1,3.3,2.15,3.83,3.11,2.09,2.5,1.5,2.56,1.54,2.71,1.54,2.53,1.5,0.25,2.08,1.85,2.1,1.81,2.1,1.88,2.04,1.78
E3,28/08/2021,15:00,Sutton,Oldham,1,2,A,0,0,D,15,12,2,4,15,15,7,4,2,3,0,0,1.9,3.5,4.33,1.9,3.3,3.6,1.95,3.3,3.9,1.93,3.57,4.12,1.9,3.25,3.8,1.95,3.5,4,2.02,3.6,4.33,1.93,3.45,3.91,2.1,1.7,2.11,1.76,2.2,1.82,2.1,1.72,-0.5,1.95,1.98,1.93,1.93,2.02,1.98,1.93,1.88,1.75,3.6,5,1.8,3.4,3.8,1.8,3.45,4.3,1.79,3.83,4.65,1.78,3.4,4.2,1.8,3.75,4.33,1.87,3.83,5,1.8,3.66,4.3,1.95,1.85,1.97,1.89,2.05,1.94,1.97,1.82,-0.5,1.75,2.05,1.78,2.12,1.89,2.12,1.79,2.03
E3,28/08/2021,15:00,Swindon,Mansfield,1,0,H,0,0,D,8,17,4,2,18,9,0,7,3,1,0,0,3.1,3.4,2.3,3.1,3.25,2.25,2.95,3.15,2.3,3.09,3.42,2.36,3,3.2,2.25,3.1,3.3,2.38,3.15,3.48,2.41,3.04,3.33,2.31,2.07,1.72,2.1,1.77,2.14,1.8,2.07,1.74,0.25,1.88,2.05,1.85,2.03,1.92,2.08,1.84,1.99,3,3.3,2.4,2.87,3.25,2.37,2.85,3.05,2.4,3.04,3.4,2.44,2.9,3.2,2.3,2.9,3.4,2.4,3.12,3.44,2.46,2.95,3.29,2.39,2.05,1.75,2.06,1.81,2.15,1.81,2.07,1.74,0.25,1.81,2.13,1.81,2.1,1.86,2.13,1.79,2.04
E3,28/08/2021,15:00,Walsall,Stevenage,1,0,H,1,0,H,7,9,1,1,17,11,4,6,1,1,0,0,3,3.2,2.5,2.85,3.1,2.5,2.85,2.95,2.45,3.03,3.2,2.53,2.8,3,2.5,3,3.1,2.55,3.04,3.28,2.58,2.92,3.13,2.49,2.35,1.57,2.42,1.59,2.44,1.63,2.36,1.58,0,2.11,1.82,2.13,1.77,2.14,1.83,2.08,1.78,3,3.2,2.55,2.9,3,2.5,2.8,2.85,2.5,2.96,3.15,2.65,2.88,3,2.45,2.9,3.13,2.6,3,3.2,2.71,2.89,3.06,2.56,2.5,1.5,2.62,1.52,2.65,1.55,2.51,1.51,0,2.07,1.86,2.06,1.84,2.11,1.86,2.04,1.8
E3,4/9/2021,15:00,Bradford,Walsall,1,1,D,1,1,D,17,7,5,2,7,10,13,4,0,1,0,1,1.66,3.5,5.75,1.68,3.6,5,1.7,3.35,5,1.72,3.64,5.39,1.67,3.4,5,1.73,3.6,5.25,1.79,3.75,5.75,1.71,3.55,5.11,2.15,1.66,2.18,1.71,2.25,1.72,2.15,1.68,-0.75,1.93,1.93,1.96,1.91,1.99,1.97,1.93,1.9,1.72,3.5,5.25,1.72,3.6,4.8,1.73,3.35,4.7,1.75,3.65,5.26,1.67,3.4,5,1.73,3.75,5,1.8,3.75,5.45,1.73,3.55,4.93,2.05,1.75,2.12,1.76,2.14,1.81,2.06,1.75,-0.75,1.98,1.88,1.97,1.92,2.05,1.96,1.94,1.88
E3,4/9/2021,15:00,Bristol Rvs,Crawley Town,1,0,H,0,0,D,8,19,3,8,7,13,3,6,0,1,0,0,2,3.5,3.8,2,3.5,3.4,2,3.3,3.45,2.05,3.6,3.66,2.05,3.25,3.4,2.05,3.5,3.6,2.15,3.65,3.8,2.04,3.47,3.52,2,1.8,1.97,1.88,2.03,1.88,1.95,1.84,-0.5,2.02,1.83,2.05,1.83,2.07,1.86,2.02,1.81,1.8,3.75,4.33,1.78,3.8,4,1.8,3.55,4.1,1.84,3.85,4.29,1.78,3.6,4,1.83,3.75,4.2,1.88,3.91,4.55,1.81,3.73,4.15,1.72,2.07,1.79,2.08,1.87,2.12,1.77,2.03,-0.5,1.83,2.02,1.84,2.06,1.86,2.08,1.8,2.03
E3,4/9/2021,15:00,Carlisle,Salford,2,1,H,1,1,D,12,13,7,4,15,8,4,3,3,2,0,0,2.6,3.2,2.8,2.7,3,2.7,2.65,2.85,2.75,2.78,3.11,2.8,2.6,3,2.7,2.7,3.1,2.8,2.8,3.26,2.88,2.69,3.06,2.76,2.35,1.57,2.42,1.59,2.46,1.62,2.37,1.57,0,1.9,1.95,1.93,1.94,1.94,2.02,1.89,1.94,2.9,3.1,2.55,2.75,3.1,2.6,2.8,2.85,2.5,3,3.03,2.71,2.8,3,2.5,2.9,3.1,2.63,3.05,3.11,2.71,2.89,3,2.6,2.35,1.57,2.42,1.6,2.45,1.63,2.35,1.57,0,2.05,1.8,2.05,1.85,2.13,1.87,2.03,1.81
E3,4/9/2021,15:00,Exeter,Forest Green,0,0,D,0,0,D,12,11,0,3,14,6,4,4,1,0,0,0,3.1,3.3,2.37,2.9,3.3,2.3,2.85,3.15,2.4,2.96,3.33,2.49,2.88,3.1,2.4,3,3.3,2.45,3.1,3.4,2.55,2.89,3.28,2.42,2,1.85,2.01,1.85,2.02,1.88,1.97,1.82,0.25,1.8,2.05,1.76,2.13,1.82,2.13,1.76,2.08,2.62,3.2,2.75,2.75,3.3,2.45,2.55,3.05,2.6,2.71,3.36,2.73,2.7,3.1,2.55,2.8,3.3,2.55,2.91,3.4,2.75,2.68,3.27,2.6,1.95,1.85,1.92,1.95,2,1.95,1.91,1.87,0,1.9,1.95,1.93,1.95,2.08,1.95,1.95,1.88
E3,4/9/2021,15:00,Mansfield,Harrogate,1,3,A,1,2,A,11,14,2,8,15,9,7,9,4,4,2,0,1.83,3.6,4.33,1.83,3.7,3.9,1.9,3.3,3.9,1.9,3.6,4.22,1.85,3.4,3.9,1.93,3.5,4.1,1.96,3.74,4.33,1.89,3.52,4,2.02,1.83,2.01,1.85,2.05,1.9,1.97,1.82,-0.5,1.9,1.95,1.9,1.97,1.92,2,1.88,1.93,2.05,3.5,3.6,1.93,3.3,3.9,2,3.2,3.65,2.02,3.51,3.93,1.95,3.3,3.6,2.05,3.5,3.6,2.1,3.66,3.96,2.01,3.43,3.67,1.95,1.85,1.98,1.89,2.01,1.91,1.94,1.85,-0.5,2,1.85,2.02,1.87,2.04,1.9,2,1.82
E3,4/9/2021,15:00,Newport County,Leyton Orient,2,2,D,1,1,D,9,15,5,6,10,6,2,4,1,2,0,0,3,3.1,2.5,2.75,3.1,2.6,2.7,2.95,2.5,2.81,3.23,2.68,2.88,3.1,2.4,2.9,3.2,2.55,3,3.26,2.7,2.82,3.11,2.59,2.4,1.53,2.43,1.58,2.5,1.61,2.4,1.55,0,2.02,1.83,1.98,1.89,2.11,1.91,2.01,1.83,2.62,3,3,2.4,3.1,2.95,2.65,2.85,2.75,2.73,2.99,3.01,2.62,3.1,2.6,2.75,3.1,2.5,2.76,3.18,3.02,2.66,2.98,2.84,2.5,1.5,2.63,1.52,2.72,1.54,2.54,1.5,0,1.85,2,1.85,2.05,2.1,2.07,1.85,1.98
E3,4/9/2021,15:00,Northampton,Scunthorpe,2,0,H,0,0,D,22,4,7,0,13,9,8,6,1,2,0,1,1.83,3.5,4.5,1.8,3.4,4.4,1.85,3.2,4.3,1.86,3.46,4.65,1.8,3.25,4.33,1.87,3.4,4.5,1.92,3.62,4.86,1.85,3.4,4.42,2.15,1.66,2.21,1.69,2.25,1.72,2.14,1.69,-0.5,1.83,2.02,1.86,2.02,1.89,2.07,1.83,1.99,1.85,3.4,4.5,1.9,3.1,4.33,1.9,3,4.4,1.93,3.25,4.82,1.85,3.1,4.4,1.93,3.25,4.5,1.96,3.44,4.91,1.91,3.2,4.44,2.4,1.53,2.54,1.55,2.59,1.59,2.45,1.53,-0.5,1.9,1.95,1.93,1.96,1.98,2,1.9,1.92
E3,4/9/2021,15:00,Oldham,Barrow,0,3,A,0,1,A,9,10,5,3,11,15,10,4,0,1,0,0,2.7,3.2,2.7,2.5,3.2,2.8,2.5,3.05,2.65,2.66,3.3,2.79,2.5,3.1,2.7,2.63,3.25,2.75,2.75,3.4,2.88,2.59,3.23,2.73,2.07,1.72,2.08,1.78,2.12,1.8,2.06,1.75,0,1.9,1.95,1.88,1.98,1.95,2.04,1.87,1.96,2.7,3.2,2.7,2.65,3.2,2.6,2.65,2.95,2.7,2.73,3.18,2.84,2.6,3,2.7,2.63,3.25,2.75,2.73,3.34,2.86,2.64,3.14,2.75,2.07,1.72,2.12,1.76,2.2,1.8,2.08,1.72,0,1.9,1.95,1.91,1.98,1.96,2.01,1.87,1.95
E3,4/9/2021,15:00,Port Vale,Rochdale,2,3,A,1,1,D,15,9,3,6,10,11,6,0,0,2,0,0,2.2,3.3,3.4,2.2,3.25,3.1,2.2,3.1,3.25,2.25,3.31,3.43,2.15,3.1,3.3,2.25,3.25,3.4,2.26,3.46,3.45,2.2,3.27,3.32,2.1,1.7,2.17,1.72,2.2,1.75,2.13,1.69,-0.25,1.88,1.98,1.93,1.94,1.94,2.02,1.89,1.94,2.1,3.3,3.6,1.98,3.4,3.7,2.1,3.05,3.4,2.18,3.32,3.66,2.1,3.1,3.4,2.15,3.3,3.5,2.28,3.4,3.75,2.13,3.27,3.49,2.07,1.72,2.15,1.75,2.2,1.79,2.12,1.7,-0.25,1.85,2,1.86,2.03,1.88,2.07,1.83,1.99
E3,4/9/2021,15:00,Stevenage,Swindon,1,1,D,0,0,D,8,16,5,5,7,8,8,5,0,0,0,0,2.45,3.1,3.1,2.55,3,2.87,2.45,2.9,2.85,2.59,3.09,3.04,2.5,2.88,2.9,2.55,3.1,3,2.68,3.1,3.1,2.54,3.04,2.93,2.3,1.6,2.37,1.61,2.42,1.64,2.32,1.59,0,1.77,2.1,1.79,2.11,1.84,2.13,1.79,2.06,2.2,3.2,3.6,2.35,3,3.1,2.25,2.95,3.2,2.31,3.25,3.42,2.3,2.9,3.2,2.38,3.2,3.13,2.46,3.25,3.6,2.3,3.12,3.25,2.2,1.65,2.25,1.68,2.38,1.7,2.24,1.63,-0.25,1.93,1.93,1.97,1.92,2.04,1.96,1.96,1.86
E3,4/9/2021,15:00,Tranmere,Hartlepool,1,0,H,0,0,D,9,16,3,2,10,12,6,7,2,2,0,0,2.55,3.3,2.8,2.4,3.25,2.8,2.55,3,2.75,2.64,3.25,2.85,2.5,3.1,2.75,2.63,3.2,2.8,2.67,3.35,2.9,2.55,3.18,2.81,2.2,1.65,2.25,1.67,2.3,1.69,2.21,1.65,0,1.85,2,1.86,2.01,1.88,2.09,1.83,2,2.45,3.3,2.9,2.4,3.1,2.95,2.5,2.9,2.85,2.5,3.26,3.06,2.45,3,2.88,2.55,3.2,2.9,2.61,3.3,3.1,2.49,3.14,2.92,2.4,1.53,2.48,1.57,2.51,1.62,2.4,1.56,0,1.8,2.05,1.75,2.16,1.82,2.16,1.77,2.07
E3,10/9/2021,19:45,Barrow,Colchester,2,3,A,1,2,A,19,10,5,3,14,10,8,5,1,5,1,1,1.95,3.4,4,2,3.2,3.9,2,3.1,3.75,2.05,3.35,4.04,1.95,3.2,3.75,2.05,3.3,3.8,2.09,3.48,4.04,2.02,3.3,3.81,2.2,1.65,2.3,1.65,2.3,1.69,2.21,1.65,-0.5,2.02,1.83,2.05,1.85,2.08,1.87,2.01,1.82,2.25,3.2,3.4,2.25,3,3.3,2.25,2.9,3.3,2.31,3.18,3.5,2.25,2.9,3.3,2.3,3.1,3.3,2.38,3.32,3.75,2.26,3.09,3.35,2.35,1.57,2.42,1.6,2.63,1.64,2.4,1.55,-0.25,2,1.93,1.96,1.93,2.03,1.95,1.94,1.88
E3,10/9/2021,19:45,Harrogate,Newport County,2,2,D,2,2,D,14,9,7,3,6,8,4,2,0,1,0,0,2.1,3.4,3.6,2.1,3.3,3.4,2.1,3.2,3.35,2.16,3.42,3.58,2.05,3.3,3.3,2.1,3.5,3.4,2.2,3.62,3.6,2.12,3.37,3.41,1.98,1.88,1.99,1.88,2.01,1.91,1.93,1.86,-0.25,1.83,2.02,1.85,2.04,1.89,2.08,1.82,2.01,2,3.4,3.8,2,3.25,3.8,2,3.1,3.8,2.07,3.42,3.87,2,3.25,3.6,2,3.4,3.8,2.2,3.54,4.04,2.02,3.33,3.72,2.15,1.66,2.17,1.73,2.21,1.8,2.12,1.7,-0.5,2.07,1.86,2.07,1.83,2.15,1.89,2.02,1.81
E3,11/9/2021,15:00,Crawley Town,Carlisle,2,1,H,1,0,H,12,11,5,3,14,17,4,0,5,1,0,0,2.55,3.4,2.45,2.65,3.2,2.6,2.65,3.15,2.45,2.78,3.43,2.58,2.7,3.1,2.5,2.63,3.3,2.6,2.83,3.46,2.61,2.7,3.31,2.55,2.05,1.75,2.06,1.79,2.1,1.83,2.04,1.76,0,1.95,1.9,2,1.85,2.04,1.96,1.95,1.88,2.8,3.4,2.5,2.65,3.2,2.6,2.75,3.05,2.5,2.83,3.38,2.6,2.7,3.1,2.5,2.8,3.3,2.55,2.88,3.5,2.64,2.76,3.26,2.54,2,1.8,2.05,1.83,2.14,1.86,2.02,1.77,0,2.07,1.86,2.03,1.86,2.08,1.91,2.01,1.83
E3,11/9/2021,15:00,Forest Green,Northampton,1,0,H,0,0,D,10,7,6,1,13,12,4,4,1,2,0,0,1.95,3.5,3.8,1.98,3.4,3.6,2.05,3.3,3.5,2.01,3.57,3.72,2,3.3,3.5,2,3.5,3.5,2.08,3.68,3.8,2,3.49,3.6,2,1.8,1.97,1.87,2.04,1.91,1.94,1.84,-0.5,2,1.85,2.01,1.85,2.09,1.88,1.99,1.82,2,3.6,3.6,1.98,3.4,3.6,2,3.2,3.6,2.05,3.53,3.78,2,3.3,3.5,2.05,3.5,3.6,2.14,3.6,3.84,2.04,3.43,3.59,1.95,1.85,2.04,1.84,2.06,1.91,1.97,1.82,-0.5,2.08,1.85,2.05,1.84,2.12,1.87,2.03,1.8
E3,11/9/2021,15:00,Hartlepool,Bristol Rvs,1,0,H,0,0,D,9,9,4,3,17,7,4,2,2,1,0,0,2,3.3,3.75,2.05,3.2,3.6,2.1,3.05,3.5,2.14,3.24,3.72,2.05,3,3.7,2.1,3.25,3.5,2.18,3.3,3.86,2.1,3.21,3.62,2.15,1.66,2.2,1.69,2.23,1.73,2.15,1.68,-0.25,1.8,2.05,1.83,2.04,1.84,2.09,1.8,2.02,2.05,3.3,3.8,2.05,3.2,3.6,2.1,3,3.6,2.15,3.2,3.89,2.05,3.1,3.6,2.05,3.4,3.6,2.18,3.4,3.96,2.08,3.23,3.68,2.2,1.65,2.28,1.67,2.29,1.73,2.17,1.66,-0.25,1.88,2.05,1.83,2.07,1.88,2.12,1.78,2.05
E3,11/9/2021,15:00,Leyton Orient,Oldham,4,0,H,2,0,H,13,8,7,3,12,12,3,8,1,2,0,0,1.75,3.5,4.5,1.83,3.6,4,1.8,3.45,4.2,1.81,3.6,4.56,1.78,3.4,4.2,1.83,3.6,4.1,1.87,3.8,4.56,1.81,3.58,4.3,2,1.8,1.98,1.85,2.07,1.88,1.96,1.82,-0.75,2.05,1.75,2.09,1.77,2.09,1.85,2.05,1.78,1.65,3.8,5.5,1.68,3.75,4.75,1.65,3.55,4.9,1.68,3.95,5.37,1.62,3.6,5.25,1.67,3.9,5,1.75,4,5.5,1.67,3.8,4.96,2,1.8,2,1.87,2.03,1.92,1.95,1.84,-0.75,1.92,2.01,1.88,2,1.95,2.03,1.86,1.96
E3,11/9/2021,15:00,Rochdale,Tranmere,1,0,H,0,0,D,17,9,4,1,10,10,9,5,2,3,0,0,2.05,3.25,3.8,2,3.3,3.6,2.1,3.1,3.5,2.11,3.36,3.67,2,3.25,3.5,2.1,3.4,3.4,2.16,3.5,3.8,2.09,3.31,3.54,2.15,1.66,2.19,1.69,2.23,1.73,2.15,1.67,-0.25,1.8,2.05,1.81,2.06,1.88,2.09,1.81,2.02,2.1,3.4,3.5,2.25,3.25,3.1,2.1,3.05,3.5,2.16,3.4,3.6,2.05,3.2,3.5,2.15,3.4,3.4,2.25,3.45,3.7,2.14,3.28,3.43,2.25,1.61,2.28,1.67,2.3,1.7,2.21,1.65,-0.25,1.87,2.06,1.85,2.04,1.91,2.08,1.84,1.99
E3,11/9/2021,15:00,Salford,Bradford,1,0,H,0,0,D,12,17,3,4,10,15,5,2,1,3,0,0,2.2,3.25,3.3,2.2,3.3,3.2,2.25,3.15,3.1,2.27,3.37,3.25,2.2,3.1,3.2,2.25,3.3,3.13,2.33,3.42,3.34,2.25,3.29,3.18,2.15,1.66,2.18,1.7,2.21,1.74,2.14,1.68,-0.25,1.98,1.88,1.95,1.9,2.02,1.94,1.94,1.88,2.1,3.4,3.6,2.2,3.3,3.2,2.05,3.15,3.45,2.16,3.51,3.51,2.15,3.2,3.2,2.15,3.4,3.4,2.28,3.56,3.7,2.13,3.34,3.39,2.15,1.66,2.18,1.72,2.28,1.75,2.15,1.68,-0.25,1.86,2.07,1.86,2.03,1.93,2.08,1.85,1.98
E3,11/9/2021,15:00,Scunthorpe,Exeter,0,4,A,0,1,A,6,14,2,8,5,13,5,4,1,1,0,0,2.87,3.2,2.45,2.85,3,2.55,2.75,3.05,2.45,2.98,3.22,2.51,2.75,3.1,2.45,2.88,3.2,2.45,3.08,3.38,2.57,2.91,3.16,2.48,2.25,1.61,2.31,1.63,2.34,1.72,2.26,1.62,0,2.1,1.77,2.11,1.77,2.15,1.83,2.07,1.77,3.8,3.4,2,3.75,3.1,2.05,3.7,3,2.05,3.79,3.33,2.13,3.3,3.1,2.15,3.4,3.25,2.2,3.86,3.44,2.45,3.5,3.24,2.14,2.5,1.5,2.5,1.56,2.51,1.68,2.29,1.61,0.25,2.08,1.73,2.09,1.82,2.1,2.05,1.99,1.84
E3,11/9/2021,15:00,Sutton,Stevenage,2,1,H,0,0,D,18,9,4,4,7,8,1,6,2,2,0,1,2.8,3.1,2.45,2.85,3.1,2.5,2.7,2.9,2.6,2.85,3.06,2.73,2.7,3,2.6,2.75,3.1,2.6,2.9,3.28,2.73,2.8,3.06,2.63,2.3,1.6,2.44,1.57,2.44,1.63,2.33,1.58,0,1.98,1.88,1.97,1.88,2.04,1.92,1.97,1.86,2.62,3,3,2.9,2.95,2.55,2.65,2.75,2.85,2.71,2.97,3.05,2.6,3,2.7,2.7,3.1,2.8,2.97,3.14,3.1,2.72,2.96,2.81,2.6,1.47,2.67,1.51,2.71,1.59,2.53,1.5,0,1.87,2.06,1.83,2.07,1.98,2.08,1.88,1.95
E3,11/9/2021,15:00,Swindon,Port Vale,1,2,A,0,1,A,11,12,5,7,8,10,3,12,4,1,0,0,2.4,3.1,3.1,2.35,3.1,3,2.4,2.95,2.9,2.42,3.27,3.07,2.35,3,3,2.4,3.1,3,2.5,3.32,3.15,2.4,3.18,3.01,2.35,1.57,2.31,1.63,2.38,1.65,2.33,1.59,-0.25,2.1,1.77,2.07,1.8,2.1,1.85,2.05,1.79,2.75,3.2,2.7,2.65,3.1,2.65,2.6,2.9,2.65,2.8,3.19,2.76,2.62,3,2.7,2.75,3.13,2.7,2.8,3.32,3.09,2.66,3.13,2.73,2.25,1.61,2.31,1.65,2.39,1.67,2.27,1.61,0,1.97,1.96,1.96,1.93,2,2.15,1.91,1.92
E3,11/9/2021,15:00,Walsall,Mansfield,3,1,H,2,0,H,10,10,5,5,17,11,9,3,1,2,0,0,3,3.3,2.3,2.85,3.25,2.4,2.85,3.1,2.35,3.04,3.35,2.4,2.87,3.1,2.4,2.9,3.25,2.38,3.16,3.39,2.53,2.96,3.24,2.39,2.15,1.66,2.2,1.69,2.22,1.74,2.14,1.68,0.25,1.8,2.05,1.81,2.06,1.81,2.14,1.78,2.05,3.3,3.4,2.2,3.1,3.25,2.25,3.25,3,2.2,3.49,3.28,2.26,3.2,3.1,2.2,3.2,3.4,2.25,3.5,3.4,2.39,3.29,3.22,2.24,2.15,1.66,2.23,1.69,2.26,1.72,2.17,1.66,0.25,1.98,1.95,1.95,1.93,2.03,1.99,1.91,1.91
E3,14/09/2021,19:45,Newport County,Northampton,0,1,A,0,1,A,9,9,1,3,12,13,5,2,1,3,0,0,2.5,3.25,2.9,2.35,3.1,3,2.5,2.9,2.8,2.65,3.15,2.96,2.45,3,2.88,2.55,3.2,2.88,2.65,3.3,3.1,2.53,3.1,2.91,2.3,1.6,2.43,1.6,2.43,1.63,2.33,1.59,0,1.8,2.05,1.84,2.06,1.84,2.12,1.78,2.05,2.3,3.3,3.2,2.3,3.1,3.2,2.25,2.9,3.25,2.32,3.24,3.41,2.25,3,3.2,2.3,3.2,3.25,2.38,3.3,3.55,2.29,3.12,3.26,2.4,1.53,2.56,1.54,2.61,1.57,2.46,1.53,-0.25,1.95,1.9,1.97,1.92,2.01,1.94,1.95,1.88
E3,14/09/2021,19:45,Sutton,Hartlepool,1,0,H,1,0,H,19,4,7,2,8,17,10,5,2,3,0,0,2.37,3.25,3.1,2.37,3.25,2.87,2.3,3,2.95,2.42,3.31,3.14,2.35,3.1,2.9,2.4,3.25,3,2.45,3.36,3.2,2.37,3.22,3.04,2.2,1.65,2.31,1.65,2.31,1.69,2.22,1.64,-0.25,2.05,1.8,2.07,1.83,2.09,1.85,2.03,1.8,2.15,3.3,3.5,2.25,3.2,3.1,2.15,3,3.45,2.25,3.3,3.48,2.2,3.1,3.2,2.25,3.3,3.3,2.41,3.34,3.55,2.21,3.22,3.36,2.25,1.61,2.35,1.63,2.49,1.63,2.35,1.58,-0.25,1.93,1.93,1.93,1.96,2.03,2.01,1.89,1.93
E3,18/09/2021,14:00,Northampton,Swindon,1,1,D,0,0,D,18,13,5,3,8,13,6,3,4,1,0,0,2.15,3.5,3.3,2,3.4,3.5,2.1,3.2,3.25,2.19,3.47,3.34,2.1,3.2,3.3,2.15,3.5,3.3,2.22,3.52,3.52,2.15,3.39,3.31,2.07,1.72,2.13,1.73,2.15,1.8,2.08,1.73,-0.25,1.91,2.02,1.9,1.98,1.92,2.04,1.86,1.97,2.2,3.4,3.3,2.25,3.2,3.1,2.25,3,3.05,2.33,3.34,3.28,2.2,3.2,3.1,2.25,3.4,3.13,2.34,3.42,3.42,2.24,3.28,3.22,2.15,1.66,2.26,1.68,2.27,1.76,2.15,1.68,-0.25,2.01,1.92,2,1.89,2.01,1.96,1.94,1.89
E3,18/09/2021,15:00,Bradford,Barrow,1,1,D,0,1,A,18,13,3,3,14,11,8,5,3,4,0,0,1.95,3.5,4,1.9,3.5,3.8,1.95,3.2,3.8,1.95,3.48,4.05,1.88,3.3,3.9,1.95,3.5,3.9,2.03,3.62,4.05,1.95,3.43,3.86,2.07,1.86,2.05,1.81,2.11,1.86,2.02,1.78,-0.5,1.98,1.95,1.95,1.9,1.99,1.95,1.94,1.88,1.9,3.5,4.2,1.9,3.5,3.8,1.97,3.2,3.75,1.96,3.6,4.05,1.91,3.3,3.75,1.95,3.5,3.9,2,3.74,4.2,1.94,3.48,3.87,2,1.93,1.96,1.91,2.06,1.93,1.96,1.84,-0.5,2,1.93,1.96,1.93,2.01,1.97,1.94,1.88
E3,18/09/2021,15:00,Bristol Rvs,Leyton Orient,1,3,A,0,3,A,9,7,1,3,11,20,4,4,2,6,0,0,2.75,3.2,2.7,2.65,3.1,2.65,2.65,3.05,2.5,2.77,3.29,2.63,2.7,3.1,2.55,2.75,3.2,2.63,2.8,3.38,2.7,2.7,3.21,2.61,2.15,1.66,2.19,1.69,2.23,1.73,2.16,1.67,0,2.05,1.88,1.98,1.88,2.07,1.95,1.96,1.87,3.1,3.2,2.45,3,3.1,2.35,2.95,2.95,2.35,3.19,3.17,2.48,3,3.1,2.3,3,3.2,2.45,3.3,3.35,2.52,3.01,3.15,2.42,2.2,1.65,2.31,1.65,2.32,1.7,2.21,1.65,0.25,1.83,2.1,1.81,2.1,1.89,2.19,1.78,2.06
E3,18/09/2021,15:00,Carlisle,Scunthorpe,2,2,D,0,2,A,12,9,4,4,11,13,4,2,0,3,0,0,1.75,3.6,5,1.75,3.4,4.75,1.75,3.35,4.5,1.78,3.64,4.76,1.73,3.5,4.4,1.8,3.6,4.5,1.85,3.84,5,1.78,3.55,4.55,2.1,1.7,2.12,1.74,2.17,1.77,2.11,1.71,-0.75,2.08,1.85,2.05,1.82,2.08,1.86,2.03,1.81,1.57,3.8,6.5,1.55,3.75,6.25,1.6,3.55,5.75,1.62,4,5.91,1.62,3.6,5.25,1.6,3.9,5.75,1.79,4.05,6.5,1.63,3.78,5.52,2.15,1.66,2.19,1.72,2.21,1.75,2.14,1.69,-0.75,1.73,2.08,1.81,2.09,2.06,2.14,1.83,2.01
E3,18/09/2021,15:00,Colchester,Crawley Town,0,1,A,0,1,A,13,14,4,6,13,12,8,6,1,3,0,0,2.15,3.3,3.5,2.1,3.1,3.6,2.1,3.1,3.4,2.16,3.33,3.56,2.1,3.1,3.4,2.2,3.2,3.5,2.23,3.48,3.6,2.15,3.27,3.42,2.15,1.66,2.16,1.71,2.21,1.74,2.15,1.68,-0.25,1.91,2.02,1.85,2.01,1.92,2.02,1.86,1.97,2.1,3.3,3.6,2.1,3.1,3.6,2.1,3.05,3.4,2.18,3.37,3.59,2.1,3.1,3.4,2.15,3.4,3.4,2.22,3.52,3.73,2.15,3.27,3.41,2.1,1.7,2.12,1.77,2.21,1.78,2.11,1.71,-0.25,1.89,2.04,1.87,2.02,1.91,2.06,1.86,1.97
E3,18/09/2021,15:00,Exeter,Sutton,2,0,H,0,0,D,15,18,7,3,11,7,3,14,0,0,0,0,2.25,3.3,3.3,2.15,3.25,3.3,2.25,3.1,3.2,2.25,3.32,3.35,2.2,3.2,3.1,2.3,3.2,3.3,2.32,3.44,3.4,2.24,3.26,3.24,2.15,1.66,2.17,1.71,2.21,1.74,2.13,1.69,-0.25,1.99,1.94,1.93,1.93,2,1.95,1.93,1.9,2.1,3.4,3.6,2.15,3.2,3.4,2.15,3,3.5,2.18,3.32,3.65,2.05,3.2,3.4,2.15,3.3,3.5,2.22,3.45,3.7,2.15,3.24,3.48,2.35,1.57,2.4,1.61,2.47,1.71,2.31,1.59,-0.25,1.89,2.04,1.86,2.03,1.9,2.05,1.84,1.99
E3,18/09/2021,15:00,Mansfield,Rochdale,1,1,D,0,0,D,10,11,5,3,13,10,2,9,4,0,0,0,2.3,3.5,3,2.25,3.4,3,2.25,3.3,2.85,2.36,3.52,2.97,2.25,3.3,2.9,2.38,3.4,3,2.38,3.65,3.1,2.3,3.44,2.96,1.9,2.03,1.84,2,1.93,2.03,1.84,1.95,-0.25,2.03,1.9,2.04,1.82,2.05,1.93,2,1.83,2.25,3.5,3.2,2.35,3.5,2.8,2.25,3.25,2.9,2.3,3.58,3.12,2.25,3.4,2.88,2.3,3.5,3,2.43,3.75,3.2,2.3,3.48,2.95,1.7,2.1,1.74,2.17,1.84,2.18,1.73,2.08,-0.25,2.02,1.91,2,1.89,2.06,1.92,2,1.85
E3,18/09/2021,15:00,Newport County,Walsall,2,1,H,1,1,D,21,7,8,2,12,12,3,2,1,0,0,0,2.3,3.1,3.4,2.25,3.1,3.3,2.25,2.85,3.3,2.36,2.99,3.5,2.25,3,3.2,2.3,3.13,3.3,2.38,3.32,3.5,2.3,3.05,3.32,2.4,1.53,2.45,1.56,2.46,1.61,2.38,1.56,-0.25,2.01,1.92,1.98,1.87,2.03,1.94,1.96,1.87,2.25,3.2,3.4,2.45,2.95,3,2.35,2.85,3.15,2.4,3,3.52,2.25,3,3.2,2.3,3.1,3.3,2.45,3.26,3.86,2.32,3.03,3.33,2.4,1.53,2.56,1.54,2.56,1.59,2.43,1.54,-0.25,2.03,1.9,2.02,1.88,2.04,2.04,1.96,1.87
E3,18/09/2021,15:00,Oldham,Hartlepool,0,0,D,0,0,D,15,11,1,2,14,12,10,1,2,3,0,0,3.1,3.4,2.3,2.9,3.3,2.3,2.85,3.2,2.3,3.07,3.47,2.33,2.9,3.2,2.3,3,3.4,2.38,3.11,3.52,2.44,2.97,3.36,2.33,2,1.8,2.01,1.83,2.06,1.87,1.99,1.8,0.25,1.88,2.05,1.85,2.01,1.88,2.05,1.83,2,3,3.4,2.37,3.1,3.4,2.2,2.9,3,2.35,3.17,3.3,2.41,2.9,3.2,2.3,2.9,3.4,2.38,3.2,3.48,2.47,3.02,3.28,2.34,2.05,1.75,2.08,1.79,2.08,1.87,2.01,1.78,0.25,1.83,2.1,1.84,2.06,1.87,2.13,1.81,2.02
E3,18/09/2021,15:00,Port Vale,Harrogate,2,0,H,1,0,H,15,6,5,2,8,12,4,4,2,2,0,1,2.25,3.4,3.2,2.3,3.1,3.1,2.25,3.15,3.05,2.27,3.44,3.19,2.25,3.1,3.1,2.3,3.2,3.2,2.4,3.45,3.32,2.27,3.3,3.12,2.05,1.75,2.05,1.79,2.15,1.79,2.07,1.74,-0.25,2,1.93,1.96,1.89,2,1.93,1.95,1.87,2.3,3.4,3.1,2.3,3.1,3.1,2.35,3.1,2.9,2.38,3.39,3.15,2.25,3.1,3.1,2.38,3.4,3,2.44,3.42,3.22,2.33,3.28,3.02,2.05,1.75,2.08,1.79,2.14,1.82,2.05,1.75,-0.25,2.05,1.88,2.04,1.85,2.07,1.89,2,1.84
E3,18/09/2021,15:00,Stevenage,Forest Green,0,4,A,0,1,A,15,18,2,6,12,12,7,4,2,4,0,0,3.3,3.3,2.25,3.1,3.1,2.3,3.1,3.1,2.2,3.24,3.31,2.3,3.1,3.1,2.25,3.1,3.13,2.38,3.32,3.4,2.38,3.15,3.24,2.28,2.2,1.65,2.24,1.66,2.26,1.71,2.18,1.66,0.25,1.88,2.05,1.88,1.97,1.9,2.07,1.86,1.97,3.4,3.3,2.2,3.4,3.2,2.15,3.1,2.95,2.3,3.43,3.19,2.34,3.2,3.1,2.2,3.25,3.25,2.25,3.43,3.38,2.36,3.23,3.17,2.27,2.2,1.65,2.28,1.67,2.3,1.7,2.2,1.65,0.25,1.93,2,1.9,1.98,1.96,2.01,1.88,1.95
E3,18/09/2021,15:00,Tranmere,Salford,2,0,H,1,0,H,12,8,7,3,9,13,2,4,2,2,1,1,3,3.2,2.45,2.85,3.1,2.5,2.9,2.95,2.45,3.02,3.14,2.53,2.9,3,2.4,2.9,3.2,2.5,3.04,3.32,2.56,2.94,3.13,2.48,2.25,1.61,2.35,1.61,2.36,1.67,2.28,1.61,0,2.14,1.8,2.12,1.77,2.14,1.84,2.09,1.77,3.3,3.25,2.25,3.1,3.1,2.35,3.1,2.9,2.35,3.34,3.17,2.39,3.1,3,2.3,3.2,3.1,2.38,3.34,3.3,2.5,3.14,3.1,2.36,2.35,1.57,2.44,1.59,2.45,1.67,2.35,1.57,0.25,1.89,2.04,1.86,2.03,1.93,2.16,1.82,2.01
E3,21/09/2021,19:45,Crawley Town,Harrogate,2,2,D,2,1,H,7,13,2,5,10,9,4,9,2,1,1,0,2.8,3.25,2.55,2.7,3.2,2.55,2.65,3,2.55,2.78,3.32,2.69,2.75,3,2.55,2.7,3.3,2.6,2.85,3.33,2.71,2.75,3.21,2.57,2,1.8,1.99,1.88,2.06,1.89,1.97,1.82,0,1.98,1.88,1.98,1.91,2.04,1.92,1.98,1.85,3,3.25,2.37,2.7,3.2,2.55,2.8,3.05,2.4,2.95,3.31,2.55,2.8,3,2.5,2.88,3.3,2.45,3.01,3.33,2.59,2.87,3.22,2.47,2,1.8,2.02,1.85,2.06,1.89,1.97,1.82,0,2.1,1.77,2.1,1.81,2.13,1.84,2.07,1.78
E3,24/09/2021,19:45,Barrow,Newport County,2,1,H,0,1,A,21,12,7,5,10,10,9,7,0,1,0,0,2.3,3.3,3.2,2.25,3.3,3.1,2.4,2.95,2.95,2.43,3.26,3.17,2.3,3.1,3,2.4,3.25,3,2.52,3.3,3.28,2.37,3.19,3.08,2.2,1.65,2.23,1.7,2.3,1.71,2.18,1.66,-0.25,2.05,1.8,2.07,1.83,2.11,1.86,2.03,1.8,2.15,3.2,3.75,2.15,3.2,3.4,2.15,3,3.45,2.19,3.33,3.62,2.15,3,3.4,2.3,3.2,3.3,2.52,3.36,3.79,2.2,3.18,3.42,2.3,1.6,2.31,1.65,2.45,1.73,2.29,1.6,-0.25,1.85,2,1.87,2.02,2.01,2.05,1.87,1.96
E3,25/09/2021,15:00,Crawley Town,Bradford,2,1,H,1,0,H,13,11,3,2,14,17,1,3,1,3,0,0,3.4,3.4,2.15,3.6,3.4,1.98,3.35,3.2,2.1,3.42,3.45,2.16,3.3,3.2,2.1,3.4,3.3,2.2,3.6,3.51,2.21,3.39,3.36,2.13,2.07,1.72,2.07,1.77,2.11,1.81,2.05,1.74,0.25,2,1.85,1.99,1.86,2.03,1.9,1.98,1.84,3.3,3.4,2.2,3.3,3.4,2.1,3.15,3.15,2.2,3.33,3.45,2.25,3.3,3.2,2.1,3.25,3.4,2.2,3.46,3.45,2.28,3.24,3.34,2.18,1.95,1.85,2.01,1.86,2.1,1.91,1.97,1.81,0.25,1.95,1.9,1.94,1.94,2.01,1.96,1.93,1.89
E3,25/09/2021,15:00,Forest Green,Tranmere,0,0,D,0,0,D,24,16,5,4,17,12,8,4,3,2,0,1,1.83,3.6,4.33,1.87,3.5,4,1.85,3.35,4.1,1.86,3.54,4.38,1.83,3.25,4.2,1.87,3.5,4.2,1.92,3.6,4.55,1.85,3.49,4.24,2.05,1.75,2.06,1.78,2.1,1.82,2.04,1.75,-0.5,1.88,1.98,1.86,1.99,1.89,2.03,1.85,1.97,1.61,3.8,5.5,1.63,3.7,5.25,1.6,3.6,5.5,1.64,3.95,5.72,1.62,3.5,5.5,1.62,3.8,5.75,1.8,4,5.75,1.64,3.78,5.35,2.05,1.75,2.07,1.81,2.1,1.84,2.02,1.77,-0.75,1.8,2.05,1.84,2.05,2.02,2.13,1.81,2.02
E3,25/09/2021,15:00,Harrogate,Stevenage,0,0,D,0,0,D,9,12,1,5,7,18,8,7,1,3,0,0,1.9,3.4,4.2,1.98,3.3,3.75,1.95,3.2,3.8,1.93,3.52,4.09,1.95,3.1,3.9,1.95,3.3,4.1,2.03,3.52,4.2,1.96,3.37,3.91,2.15,1.66,2.13,1.73,2.23,1.74,2.14,1.68,-0.5,1.95,1.9,1.93,1.92,2.03,1.95,1.93,1.87,1.95,3.4,4,1.95,3.5,3.6,1.95,3.2,3.85,1.98,3.5,4.1,1.91,3.25,3.8,1.95,3.5,3.9,2.03,3.59,4.2,1.95,3.4,3.86,2.07,1.72,2.13,1.76,2.2,1.87,2.06,1.74,-0.5,1.95,1.9,1.98,1.91,2.03,1.94,1.96,1.87
E3,25/09/2021,15:00,Hartlepool,Exeter,1,1,D,1,1,D,8,9,3,3,11,12,11,4,1,2,0,0,2.4,3.3,3,2.3,3.2,3,2.35,3.05,2.85,2.47,3.27,3,2.37,3.1,2.87,2.45,3.2,3,2.5,3.36,3.08,2.42,3.23,2.94,2.15,1.66,2.23,1.67,2.25,1.72,2.16,1.67,-0.25,2.1,1.77,2.11,1.77,2.11,1.83,2.08,1.76,2.62,3.25,2.75,2.8,3,2.6,2.65,2.9,2.65,2.83,3.14,2.77,2.6,3.1,2.6,2.75,3.13,2.7,2.88,3.34,2.9,2.7,3.09,2.69,2.25,1.61,2.31,1.65,2.32,1.71,2.23,1.63,0,1.93,1.93,1.97,1.92,1.98,2.06,1.92,1.91
E3,25/09/2021,15:00,Leyton Orient,Mansfield,0,0,D,0,0,D,16,4,4,2,11,11,7,4,3,2,0,1,2.2,3.4,3.3,2.3,3.25,2.95,2.2,3.3,3.1,2.19,3.59,3.23,2.2,3.2,3.1,2.25,3.4,3.13,2.3,3.6,3.42,2.2,3.42,3.16,2.02,1.83,2.01,1.83,2.03,1.87,1.97,1.81,-0.25,1.93,1.93,1.9,1.95,1.99,1.96,1.91,1.92,1.95,3.5,4,1.9,3.4,4,2,3.15,3.75,2.02,3.43,4.02,1.91,3.25,3.8,1.95,3.6,3.7,2.25,3.6,4.05,1.98,3.42,3.76,2.05,1.75,2.07,1.8,2.08,1.85,2.01,1.78,-0.25,1.73,2.08,1.73,2.19,1.91,2.22,1.72,2.13
E3,25/09/2021,15:00,Rochdale,Oldham,0,1,A,0,0,D,8,11,2,3,5,11,7,6,1,1,0,0,1.66,3.8,5.25,1.65,3.8,5,1.65,3.7,4.8,1.67,4.02,5.01,1.65,3.6,4.8,1.7,3.8,5,1.73,4.1,5.25,1.67,3.87,4.87,1.8,2,1.81,2.04,1.91,2.05,1.82,1.96,-0.75,1.88,1.98,1.87,1.98,1.9,2.02,1.86,1.96,1.57,4,6,1.65,3.8,5,1.57,3.8,5.25,1.63,4.14,5.52,1.57,3.75,5.25,1.6,4,5.5,1.69,4.2,6,1.6,3.97,5.32,1.8,2,1.87,2.01,1.91,2.04,1.83,1.94,-1,2.05,1.8,2.14,1.76,2.19,1.85,2.05,1.78
E3,25/09/2021,15:00,Salford,Northampton,2,2,D,1,1,D,8,8,6,3,10,9,5,4,2,1,0,0,2.15,3.2,3.6,2.15,3.3,3.2,2.15,3.05,3.35,2.25,3.17,3.52,2.15,3.1,3.3,2.25,3.2,3.4,2.29,3.35,3.65,2.19,3.2,3.4,2.2,1.65,2.25,1.66,2.28,1.7,2.18,1.66,-0.25,1.9,1.95,1.91,1.94,1.93,2.07,1.87,1.94,2.2,3.25,3.6,2.25,3,3.4,2.2,2.9,3.35,2.24,3.19,3.65,2.25,3,3.25,2.3,3.1,3.4,2.35,3.35,3.67,2.25,3.08,3.39,2.3,1.6,2.43,1.6,2.45,1.67,2.32,1.58,-0.25,1.88,1.98,1.9,1.99,2,2.07,1.91,1.91
E3,25/09/2021,15:00,Scunthorpe,Port Vale,0,1,A,0,1,A,13,9,5,4,17,9,3,7,1,1,0,0,4.2,3.75,1.83,4.1,3.4,1.87,4.1,3.3,1.85,4.31,3.63,1.85,4.2,3.25,1.83,4.2,3.4,1.9,5,3.75,1.95,4.2,3.48,1.86,2.2,1.65,2.25,1.66,2.3,1.69,2.22,1.64,0.5,2,1.85,2.01,1.85,2.03,1.98,1.96,1.86,5.5,3.5,1.7,4.8,3.3,1.77,4.8,3.25,1.75,5.25,3.63,1.75,4.6,3.25,1.78,5,3.5,1.75,5.5,3.64,1.95,4.81,3.45,1.77,2.4,1.53,2.47,1.58,2.47,1.64,2.35,1.57,0.75,1.88,1.98,1.88,2.02,1.92,2.21,1.82,2.01
E3,25/09/2021,15:00,Sutton,Carlisle,4,0,H,2,0,H,17,19,7,7,13,11,8,8,1,1,0,1,2.3,3.3,3.1,2.25,3.25,3.1,2.25,3.05,3,2.34,3.29,3.2,2.3,3,3.1,2.38,3.2,3.1,2.42,3.32,3.28,2.32,3.22,3.1,2.15,1.66,2.2,1.69,2.23,1.73,2.14,1.69,-0.25,2.02,1.83,2,1.85,2.05,1.88,2,1.83,2.25,3.2,3.4,2.35,3.1,3.1,2.3,2.95,3.25,2.35,3.17,3.41,2.25,3,3.2,2.3,3.2,3.25,2.41,3.25,3.51,2.3,3.12,3.24,2.3,1.6,2.41,1.6,2.44,1.69,2.32,1.59,-0.25,1.98,1.88,2,1.89,2.04,1.92,1.97,1.86
E3,25/09/2021,15:00,Swindon,Colchester,0,0,D,0,0,D,18,9,6,3,7,7,5,2,1,0,0,0,2.05,3.4,3.6,2.1,3.4,3.25,2.05,3.25,3.45,2.06,3.53,3.61,2.05,3.2,3.5,2.1,3.4,3.5,2.15,3.6,3.76,2.07,3.44,3.47,2,1.8,2.03,1.81,2.06,1.85,1.99,1.8,-0.5,2.08,1.73,2.06,1.81,2.08,1.83,2.05,1.77,2.05,3.4,3.6,2.1,3.4,3.25,2.15,3.1,3.35,2.17,3.47,3.5,2.1,3.2,3.3,2.15,3.4,3.4,2.23,3.48,3.6,2.13,3.34,3.36,2,1.8,2.02,1.86,2.1,1.87,1.99,1.79,-0.25,1.85,2,1.87,2.02,1.91,2.03,1.85,1.97
E3,25/09/2021,15:00,Walsall,Bristol Rvs,1,2,A,1,0,H,12,13,2,3,15,7,0,10,2,2,0,0,2.4,3.3,3,2.25,3.2,3.1,2.35,3,2.9,2.49,3.16,3.07,2.4,3,2.9,2.4,3.2,3.1,2.57,3.3,3.13,2.42,3.16,3,2.3,1.6,2.32,1.62,2.36,1.66,2.27,1.61,-0.25,2.05,1.8,2.12,1.76,2.13,1.86,2.07,1.77,2.5,3.2,3,2.55,3.2,2.7,2.5,2.9,2.85,2.66,3.12,2.97,2.5,2.9,2.88,2.63,3.1,2.88,2.67,3.25,3,2.55,3.06,2.87,2.35,1.57,2.41,1.61,2.42,1.63,2.31,1.59,0,1.8,2.05,1.84,2.06,1.87,2.12,1.81,2.03
E3,2/10/2021,15:00,Bradford,Rochdale,2,0,H,1,0,H,16,15,5,1,12,7,3,6,3,0,0,0,2.15,3.5,3.3,2.05,3.5,3.3,2.05,3.3,3.3,2.13,3.51,3.45,2.05,3.4,3.2,2.15,3.5,3.3,2.17,3.68,3.48,2.1,3.48,3.32,1.85,1.95,1.87,1.97,1.94,1.98,1.86,1.92,-0.25,1.85,2,1.84,2.02,1.86,2.07,1.83,1.99,2.3,3.5,3.1,2.15,3.5,3.1,2.25,3.2,2.9,2.31,3.55,3.14,2.3,3.4,2.8,2.38,3.4,3,2.38,3.6,3.23,2.27,3.41,3.02,1.85,1.95,1.91,1.96,1.94,1.97,1.87,1.91,-0.25,2,1.85,2,1.89,2.05,1.92,1.99,1.85
E3,2/10/2021,15:00,Bristol Rvs,Swindon,1,3,A,1,0,H,5,16,3,9,15,12,2,8,1,0,1,0,2.37,3.3,3.1,2.35,3.1,3.1,2.3,3,3,2.39,3.17,3.22,2.3,3,3.1,2.38,3.2,3.1,2.5,3.3,3.23,2.36,3.14,3.12,2.15,1.66,2.27,1.65,2.3,1.72,2.2,1.65,-0.25,2.02,1.83,2.03,1.83,2.1,1.88,2.02,1.81,2.8,3.3,2.6,2.7,3.1,2.65,2.75,2.95,2.5,2.86,3.24,2.67,2.62,3,2.7,2.75,3.2,2.63,2.93,3.3,2.73,2.76,3.13,2.61,2.15,1.66,2.26,1.68,2.26,1.71,2.19,1.65,0,2,1.85,2.02,1.88,2.05,1.93,1.97,1.87
E3,2/10/2021,15:00,Carlisle,Forest Green,0,2,A,0,2,A,14,13,1,6,11,13,4,6,2,1,0,0,3.6,3.4,2.1,3.3,3.4,2.1,3.25,3.2,2.1,3.4,3.45,2.17,3.3,3.3,2.05,3.3,3.4,2.2,3.6,3.62,2.2,3.3,3.41,2.15,2,1.8,1.98,1.86,2.06,1.91,1.95,1.83,0.25,1.98,1.88,1.98,1.87,2.01,1.94,1.95,1.87,3.75,3.5,2,3.6,3.4,1.98,3.5,3.25,2.05,3.62,3.49,2.12,3.6,3.3,1.95,3.6,3.5,2.05,3.75,3.64,2.14,3.5,3.42,2.06,2,1.8,2.03,1.85,2.05,1.92,1.96,1.82,0.25,2.13,1.75,2.07,1.83,2.19,1.83,2.07,1.77
E3,2/10/2021,15:00,Colchester,Salford,0,2,A,0,2,A,9,17,3,7,13,18,4,3,1,2,0,1,3.1,3.4,2.3,2.9,3.2,2.4,2.9,3.05,2.4,3.12,3.27,2.4,2.9,3.1,2.35,3,3.25,2.4,3.12,3.4,2.52,3,3.22,2.39,2.15,1.66,2.25,1.66,2.26,1.72,2.18,1.66,0.25,1.8,2.05,1.82,2.05,1.84,2.08,1.79,2.04,2.9,3.4,2.4,2.95,3.1,2.4,2.85,2.95,2.45,3.02,3.26,2.53,2.9,3.2,2.3,3,3.2,2.45,3.1,3.4,2.53,2.96,3.17,2.43,2.25,1.61,2.31,1.65,2.38,1.68,2.23,1.62,0.25,1.73,2.08,1.76,2.15,1.82,2.15,1.75,2.09
E3,2/10/2021,15:00,Exeter,Walsall,2,2,D,1,1,D,9,12,4,3,11,9,2,3,1,1,0,0,1.75,3.5,5,1.77,3.5,4.5,1.73,3.35,4.6,1.74,3.65,5.02,1.78,3.3,4.5,1.75,3.6,4.8,1.84,3.75,5.1,1.76,3.54,4.73,2.1,1.7,2.18,1.7,2.21,1.74,2.13,1.69,-0.75,2,1.85,2,1.86,2.06,1.88,1.98,1.84,1.7,3.6,5.5,1.68,3.6,5,1.7,3.25,5,1.77,3.51,5.38,1.67,3.4,5,1.7,3.6,5.25,1.8,3.74,5.54,1.72,3.49,5.06,2.15,1.66,2.19,1.72,2.3,1.72,2.2,1.64,-0.75,1.98,1.88,2.02,1.88,2.02,1.93,1.96,1.87
E3,2/10/2021,15:00,Mansfield,Barrow,0,1,A,0,0,D,17,13,4,6,12,13,3,5,4,4,1,0,2.25,3.3,3.3,2.15,3.25,3.3,2.25,3.15,3,2.31,3.4,3.14,2.25,3.1,3.1,2.3,3.3,3.2,2.38,3.44,3.4,2.27,3.29,3.15,2.1,1.7,2.12,1.74,2.17,1.77,2.1,1.71,-0.25,1.98,1.88,1.99,1.86,2,1.94,1.96,1.87,2.37,3.3,3.1,2.15,3.25,3.3,2.35,3,2.95,2.42,3.27,3.18,2.25,3.1,3.1,2.3,3.4,3.1,2.45,3.44,3.3,2.32,3.27,3.06,2.1,1.7,2.19,1.72,2.19,1.78,2.09,1.71,-0.25,2.05,1.8,2.07,1.83,2.11,1.91,2.01,1.82
E3,2/10/2021,15:00,Newport County,Scunthorpe,3,0,H,1,0,H,16,11,5,2,5,16,5,5,0,1,0,0,1.7,3.6,5.25,1.71,3.4,5,1.73,3.35,4.7,1.75,3.58,5.08,1.73,3.3,4.8,1.75,3.6,4.8,1.82,3.7,5.25,1.75,3.51,4.84,2.2,1.65,2.23,1.67,2.28,1.77,2.18,1.66,-0.75,1.95,1.9,2,1.85,2.07,1.94,1.98,1.85,1.7,3.6,5.5,1.68,3.5,5.25,1.7,3.2,5.25,1.72,3.64,5.48,1.7,3.3,5,1.7,3.6,5.25,1.76,3.68,5.6,1.72,3.48,5.2,2.35,1.57,2.45,1.58,2.46,1.61,2.37,1.56,-0.75,1.95,1.9,1.98,1.91,2.01,1.95,1.94,1.89
E3,2/10/2021,15:00,Northampton,Sutton,0,2,A,0,1,A,10,16,0,7,13,9,4,4,4,1,0,0,2.2,3.3,3.4,2.2,3.2,3.2,2.2,3.1,3.2,2.26,3.37,3.29,2.2,3.1,3.2,2.25,3.3,3.25,2.31,3.4,3.4,2.22,3.27,3.27,2.2,1.65,2.24,1.66,2.3,1.69,2.21,1.65,-0.25,1.93,1.93,1.93,1.92,1.95,1.96,1.91,1.91,2.62,3.2,2.8,2.45,3.1,2.95,2.65,2.9,2.75,2.76,3.1,2.78,2.4,3.1,2.88,2.45,3.2,3,2.8,3.32,3.1,2.58,3.1,2.84,2.3,1.6,2.39,1.59,2.39,1.65,2.3,1.59,0,1.9,1.95,1.92,1.93,1.93,2.16,1.83,2.01
E3,2/10/2021,15:00,Oldham,Harrogate,1,2,A,0,1,A,8,11,3,4,9,9,2,8,0,1,0,0,3.25,3.5,2.15,2.95,3.4,2.25,2.95,3.35,2.2,3.12,3.72,2.2,2.9,3.3,2.25,3,3.6,2.25,3.25,3.73,2.3,3.05,3.54,2.21,1.9,1.9,1.88,1.95,1.97,1.97,1.88,1.9,0.25,1.93,1.93,1.93,1.92,1.93,2.03,1.89,1.92,3.25,3.5,2.15,2.95,3.4,2.25,3.05,3.15,2.2,3.21,3.59,2.26,3,3.3,2.2,3.1,3.6,2.2,3.26,3.6,2.3,3.09,3.43,2.22,2,1.8,2.01,1.86,2.03,1.92,1.93,1.84,0.25,1.9,1.95,1.93,1.95,1.95,1.99,1.9,1.92
E3,2/10/2021,15:00,Port Vale,Leyton Orient,3,2,H,1,0,H,15,12,5,4,11,7,2,3,2,4,0,0,2.3,3.1,3.4,2.25,3.3,3,2.3,3,3,2.41,3.23,3.14,2.3,3,3.1,2.38,3.25,3.1,2.46,3.32,3.4,2.35,3.18,3.1,2.25,1.61,2.33,1.62,2.38,1.65,2.28,1.61,-0.25,2,1.85,2.05,1.81,2.06,1.9,2.01,1.83,2.2,3.2,3.5,2.15,3.2,3.3,2.2,2.9,3.4,2.29,3.21,3.51,2.25,3,3.2,2.25,3.2,3.4,2.35,3.24,3.55,2.24,3.11,3.36,2.5,1.5,2.59,1.53,2.62,1.55,2.48,1.51,-0.25,1.93,1.93,1.94,1.94,1.96,1.99,1.92,1.91
E3,2/10/2021,15:00,Stevenage,Hartlepool,2,0,H,1,0,H,10,18,6,4,11,10,3,5,2,0,0,0,2.25,3.2,3.4,2.25,3.25,3.1,2.2,3,3.3,2.25,3.18,3.49,2.2,3.1,3.25,2.3,3.2,3.25,2.35,3.34,3.5,2.25,3.16,3.31,2.35,1.57,2.42,1.58,2.45,1.62,2.35,1.57,-0.25,1.95,1.9,1.92,1.93,1.99,1.94,1.93,1.89,2.2,3.2,3.5,2.2,3,3.4,2.25,2.9,3.35,2.28,3.16,3.6,2.25,3,3.2,2.38,3.1,3.25,2.4,3.28,3.6,2.28,3.08,3.32,2.4,1.53,2.47,1.58,2.51,1.6,2.4,1.54,-0.25,1.93,1.93,1.93,1.96,2.04,1.96,1.95,1.88
E3,2/10/2021,15:00,Tranmere,Crawley Town,2,1,H,1,0,H,16,12,4,3,11,12,3,4,2,2,0,0,2.25,3.25,3.3,2.2,3.4,3.1,2.2,3.1,3.15,2.3,3.33,3.23,2.25,3.3,2.9,2.25,3.3,3.25,2.32,3.4,3.4,2.25,3.27,3.2,2.15,1.66,2.2,1.68,2.28,1.7,2.16,1.67,-0.25,1.95,1.9,1.97,1.88,1.97,1.95,1.94,1.88,2.15,3.25,3.5,2.3,3.1,3.1,2.15,3.05,3.3,2.23,3.42,3.42,2.25,3.1,3.1,2.38,3.25,3.1,2.43,3.44,3.5,2.25,3.24,3.21,2.15,1.66,2.17,1.73,2.25,1.75,2.14,1.68,-0.25,1.9,1.95,1.92,1.97,2.05,1.99,1.94,1.89
E3,8/10/2021,19:45,Tranmere,Colchester,2,0,H,0,0,D,15,11,4,1,11,16,9,2,0,3,0,0,2,3.25,4,2.05,3.25,3.5,2.05,3,3.8,2.1,3.15,4.16,2.05,3,3.7,2.05,3.3,3.8,2.13,3.3,4.16,2.07,3.16,3.79,2.35,1.57,2.41,1.6,2.45,1.63,2.31,1.59,-0.5,2.05,1.8,2.1,1.81,2.12,1.84,2.06,1.78,1.95,3.25,4.33,1.93,3.4,3.9,1.97,3.05,4,1.92,3.46,4.43,1.91,3.1,4.2,2,3.3,4,2.02,3.46,4.45,1.95,3.26,4.06,2.3,1.6,2.36,1.63,2.42,1.64,2.3,1.59,-0.5,1.93,1.93,1.92,1.96,2.01,1.97,1.95,1.88
E3,9/10/2021,12:00,Forest Green,Swindon,0,2,A,0,0,D,11,12,7,5,9,14,10,8,2,1,0,0,1.83,3.75,4.2,1.78,3.6,4.2,1.77,3.45,4.3,1.81,3.76,4.59,1.75,3.5,4.33,1.83,3.7,4.2,1.87,3.82,4.7,1.8,3.62,4.3,2.05,1.75,1.99,1.88,2.05,1.89,1.97,1.8,-0.75,2.05,1.75,2.09,1.82,2.09,1.83,2.04,1.79,1.83,3.75,4.33,1.78,3.7,4.1,1.9,3.35,3.95,1.89,3.64,4.32,1.83,3.4,4,1.87,3.6,4.1,1.97,3.84,4.5,1.86,3.58,4.07,1.85,1.95,1.91,1.96,1.95,2.05,1.88,1.9,-0.5,1.85,2,1.89,2,1.97,2.05,1.86,1.97
E3,9/10/2021,15:00,Barrow,Leyton Orient,1,1,D,0,0,D,11,13,2,5,8,10,9,5,0,2,0,0,2.45,3.25,2.9,2.45,3.2,2.85,2.45,3.05,2.85,2.48,3.26,2.99,2.35,3.2,2.88,2.5,3.2,2.9,2.51,3.4,3.04,2.45,3.22,2.89,2.1,1.7,2.16,1.71,2.21,1.74,2.11,1.69,0,1.77,2.1,1.75,2.12,1.87,2.17,1.77,2.09,2.6,3.25,2.8,2.45,3.2,2.85,2.5,2.95,2.7,2.66,3.28,2.84,2.4,3.1,2.88,2.5,3.3,2.88,2.66,3.36,3,2.53,3.18,2.82,2.15,1.66,2.23,1.69,2.26,1.73,2.15,1.67,0,1.83,2.02,1.88,2.01,1.94,2.09,1.82,2.03
E3,9/10/2021,15:00,Bristol Rvs,Carlisle,3,0,H,1,0,H,7,11,4,3,19,21,2,4,4,6,0,0,2.5,3.25,2.87,2.55,3,2.8,2.5,2.9,2.9,2.62,3.03,3.01,2.45,3.1,2.75,2.6,3.1,2.88,2.62,3.4,3.01,2.53,3.11,2.87,2.15,1.66,2.2,1.68,2.23,1.73,2.14,1.68,0,1.83,2.02,1.8,2.07,1.88,2.13,1.81,2.03,2.45,3.25,2.9,2.55,3,2.8,2.45,2.95,2.8,2.6,3.22,2.96,2.45,3.1,2.75,2.6,3.2,2.8,2.65,3.3,3.04,2.54,3.13,2.84,2.1,1.7,2.14,1.75,2.2,1.77,2.12,1.7,0,1.8,2.05,1.83,2.08,1.9,2.12,1.81,2.03
E3,9/10/2021,15:00,Harrogate,Scunthorpe,6,1,H,5,0,H,14,11,9,1,8,14,3,5,0,1,0,1,1.61,3.75,6,1.58,4,5.5,1.57,3.75,5.5,1.59,3.99,5.84,1.57,3.7,5.5,1.62,4,5.5,1.67,4.1,6,1.6,3.91,5.43,1.85,1.95,1.9,1.93,1.92,2,1.87,1.91,-1,2.05,1.8,2.06,1.81,2.16,1.83,2.06,1.77,1.53,4,7,1.58,4,5.5,1.53,3.75,6,1.57,3.94,6.7,1.53,3.7,6,1.57,4,6,1.6,4.1,7,1.56,3.88,6.06,2.05,1.75,2.06,1.82,2.08,1.88,1.99,1.79,-1,2,1.85,2.03,1.87,2.08,1.91,2,1.84
E3,9/10/2021,15:00,Hartlepool,Northampton,2,1,H,0,0,D,11,11,4,6,11,14,3,7,1,2,0,0,2.5,3.25,2.9,2.5,3.1,2.85,2.5,2.9,2.8,2.65,3.11,2.9,2.5,3,2.8,2.6,3.1,2.88,2.66,3.25,3,2.55,3.08,2.86,2.4,1.53,2.43,1.57,2.55,1.59,2.39,1.55,0,1.75,2.05,1.84,2.02,1.87,2.06,1.82,2.01,2.37,3.3,3,2.3,3.2,3,2.35,2.9,3.05,2.43,3.23,3.2,2.3,3,3.1,2.38,3.25,3.1,2.51,3.3,3.26,2.37,3.13,3.11,2.4,1.53,2.46,1.58,2.51,1.59,2.41,1.54,-0.25,2.02,1.83,2.07,1.83,2.08,1.86,2.03,1.81
E3,9/10/2021,15:00,Mansfield,Oldham,0,0,D,0,0,D,11,8,4,3,10,15,3,2,3,2,0,0,1.9,3.75,3.8,1.82,3.7,3.9,1.95,3.4,3.7,1.95,3.66,3.82,1.88,3.5,3.7,1.95,3.6,3.75,2.01,3.85,4.1,1.92,3.57,3.79,1.85,1.95,1.86,1.97,1.95,2.01,1.85,1.93,-0.5,1.95,1.9,1.95,1.9,1.97,1.96,1.94,1.88,1.9,3.6,4,1.95,3.6,3.5,1.9,3.35,3.75,1.93,3.78,3.99,1.85,3.5,3.75,2,3.6,3.6,2.15,3.78,4.07,1.94,3.57,3.73,1.85,1.95,1.87,2,1.93,2.03,1.86,1.92,-0.5,1.9,1.95,1.93,1.96,2.03,1.99,1.93,1.89
E3,9/10/2021,15:00,Newport County,Bradford,0,0,D,0,0,D,15,9,3,3,12,12,7,5,2,3,0,0,2.75,3.25,2.6,2.65,3.25,2.55,2.6,3.1,2.5,2.71,3.32,2.68,2.6,3.1,2.6,2.7,3.3,2.63,2.8,3.43,2.72,2.69,3.24,2.59,2.1,1.7,2.16,1.71,2.2,1.8,2.1,1.71,0,1.95,1.9,1.93,1.92,2.02,1.95,1.95,1.88,2.37,3.25,3.1,2.35,3.25,2.9,2.4,3,2.8,2.52,3.34,2.96,2.45,3.1,2.8,2.55,3.25,2.8,2.6,3.35,3.11,2.46,3.21,2.89,2.05,1.75,2.05,1.83,2.13,1.87,2.03,1.76,0,1.73,2.08,1.79,2.12,1.86,2.16,1.78,2.07
E3,9/10/2021,15:00,Rochdale,Crawley Town,0,1,A,0,1,A,12,13,3,2,9,7,9,4,1,2,0,0,1.9,3.5,4.1,1.9,3.5,3.9,1.9,3.35,3.85,1.93,3.5,4.14,1.85,3.4,3.9,1.93,3.5,4,1.99,3.72,4.22,1.91,3.46,3.9,2,1.8,1.97,1.86,2.03,1.89,1.96,1.82,-0.5,1.9,1.95,1.93,1.93,1.95,1.97,1.91,1.91,1.65,3.75,5.5,1.7,3.75,4.6,1.67,3.55,4.7,1.7,3.87,5.26,1.67,3.6,4.75,1.7,3.8,5,1.76,4.05,5.5,1.7,3.74,4.82,1.85,1.95,1.88,2,1.94,2.01,1.86,1.92,-0.75,1.9,1.95,1.93,1.96,1.95,2.01,1.9,1.92
E3,9/10/2021,15:00,Stevenage,Exeter,2,2,D,1,1,D,12,14,3,7,7,19,1,4,2,4,0,0,2.75,3.25,2.6,2.7,3.1,2.6,2.7,2.9,2.6,2.89,3.06,2.7,2.7,3,2.6,2.8,3.1,2.7,2.89,3.28,2.73,2.78,3.05,2.64,2.3,1.6,2.42,1.57,2.45,1.62,2.33,1.58,0,1.98,1.88,2,1.86,2.03,1.95,1.96,1.87,2.55,3.25,2.8,2.7,3.1,2.6,2.55,2.9,2.7,2.68,3.28,2.82,2.55,3.1,2.7,2.63,3.2,2.75,2.75,3.36,2.83,2.61,3.15,2.74,2.15,1.66,2.24,1.69,2.38,1.71,2.24,1.62,0,1.85,2,1.89,2,1.92,2.04,1.87,1.97
E3,9/10/2021,15:00,Sutton,Port Vale,4,3,H,1,2,A,14,11,6,7,12,10,4,7,1,5,0,0,2.62,3.25,2.75,2.5,3.1,2.85,2.6,2.95,2.7,2.67,3.17,2.83,2.55,3,2.75,2.63,3.1,2.88,2.68,3.3,2.9,2.6,3.1,2.79,2.3,1.6,2.33,1.62,2.38,1.65,2.29,1.59,0,1.85,2,1.87,1.99,1.89,2.06,1.84,1.99,2.5,3.2,2.9,2.5,3.1,2.85,2.5,2.9,2.8,2.63,3.25,2.9,2.5,3,2.8,2.5,3.25,2.9,2.63,3.32,3.02,2.54,3.13,2.86,2.25,1.61,2.33,1.64,2.38,1.67,2.28,1.6,0,1.83,2.02,1.85,2.05,1.87,2.14,1.81,2.04
E3,9/10/2021,15:00,Walsall,Salford,2,1,H,1,0,H,16,8,6,2,9,8,2,4,2,2,0,0,3.5,3.2,2.2,3.3,3.1,2.2,3.35,3,2.2,3.5,3.2,2.24,3.25,3.2,2.15,3.25,3.25,2.25,3.6,3.44,2.29,3.37,3.18,2.2,2.1,1.7,2.19,1.69,2.23,1.73,2.13,1.68,0.25,1.9,1.95,1.94,1.91,2.04,1.96,1.92,1.9,3.25,3.2,2.3,3.3,3.1,2.2,3,3,2.35,3.17,3.28,2.42,3.1,3.1,2.25,3.2,3.25,2.3,3.4,3.28,2.46,3.16,3.16,2.32,2.15,1.66,2.21,1.71,2.25,1.73,2.14,1.68,0.25,1.83,2.02,1.83,2.07,1.9,2.07,1.84,1.99
