Div,Date,Time,HomeTeam,AwayTeam,FTHG,FTAG,FTR,HTHG,HTAG,HTR,HY,AY,HR,AR,B365H,B365D,B365A,BWH,BWD,BWA,IWH,IWD,IWA,PSH,PSD,PSA,WHH,WHD,WHA,VCH,VCD,VCA,MaxH,MaxD,MaxA,AvgH,AvgD,AvgA,B365>2.5,B365<2.5,P>2.5,P<2.5,Max>2.5,Max<2.5,Avg>2.5,Avg<2.5,AHh,B365AHH,B365AHA,PAHH,PAHA,MaxAHH,MaxAHA,AvgAHH,AvgAHA,B365CH,B365CD,B365CA,BWCH,BWCD,BWCA,IWCH,IWCD,IWCA,PSCH,PSCD,PSCA,WHCH,WHCD,WHCA,VCCH,VCCD,VCCA,MaxCH,MaxCD,MaxCA,AvgCH,AvgCD,AvgCA,B365C>2.5,B365C<2.5,PC>2.5,PC<2.5,MaxC>2.5,MaxC<2.5,AvgC>2.5,AvgC<2.5,AHCh,B365CAHH,B365CAHA,PCAHH,PCAHA,MaxCAHH,MaxCAHA,AvgCAHH,AvgCAHA
EC,21/08/2021,15:00,Aldershot,Chesterfield,0,2,A,0,0,D,2,5,0,0,3.3,3.5,2,3.3,3.5,1.98,3.3,3.35,2,3.57,3.63,2.02,3.3,3.3,2,3.25,3.4,2.05,3.58,3.64,2.09,3.34,3.48,2.01,1.75,2.05,1.78,2.04,1.79,2.11,1.75,2.01,0.25,1.98,1.83,2.1,1.75,2.1,1.85,2.02,1.78,4.2,3.75,1.75,3.9,3.6,1.82,3.9,3.45,1.8,4.19,3.79,1.83,3.4,3.3,2,4.1,3.6,1.8,4.27,3.81,1.9,3.99,3.61,1.82,1.85,1.95,1.89,1.94,1.94,2.01,1.82,1.93,0.5,1.98,1.83,2.03,1.83,2.05,1.9,1.97,1.8
EC,21/08/2021,15:00,Barnet,Notts County,0,5,A,0,0,D,2,2,1,0,4.33,3.75,1.66,4.4,3.75,1.68,4,3.65,1.75,4.22,3.96,1.78,4.5,3.6,1.67,4.2,3.7,1.73,4.5,3.98,1.79,4.15,3.77,1.73,1.72,2.07,1.72,2.11,1.77,2.14,1.72,2.06,0.75,1.83,1.98,1.84,2,1.91,2.01,1.84,1.95,4.33,3.75,1.66,4.4,3.75,1.68,4.3,3.65,1.67,4.55,3.97,1.74,4.2,3.6,1.7,4.5,3.8,1.7,4.75,4.09,1.75,4.37,3.82,1.69,1.72,2.07,1.73,2.13,1.77,2.14,1.72,2.06,0.75,1.88,1.93,1.9,1.95,2,1.95,1.9,1.88
EC,21/08/2021,15:00,Halifax,Maidenhead,1,2,A,1,0,H,1,0,0,0,2,3.4,3.6,,,,2.05,3.35,3.25,2.09,3.62,3.38,1.73,3.5,4.2,2.05,3.4,3.3,2.09,3.73,3.6,2.02,3.5,3.32,1.75,2.05,1.82,2.01,1.83,2.08,1.77,1.98,-0.25,1.77,2.02,1.81,2.03,1.83,2.06,1.78,2.01,1.9,3.5,4,,,,1.97,3.25,3.5,1.99,3.51,3.89,2,3.3,3.4,1.93,3.5,3.7,2.06,3.62,4.1,1.97,3.43,3.58,1.85,1.95,1.88,1.96,1.91,2.02,1.81,1.94,-0.5,1.93,1.88,1.99,1.87,2.03,1.93,1.94,1.84
EC,21/08/2021,15:00,King’s Lynn,Southend,0,1,A,0,1,A,2,2,1,0,3.3,3.6,1.95,,,,3.15,3.5,2.05,3.17,3.77,2.03,3.4,3.4,1.95,3.4,3.5,1.95,3.5,3.77,2.05,3.28,3.57,1.98,1.72,2.07,1.74,2.03,1.8,2.11,1.74,2.02,0.5,1.85,1.95,1.75,2.02,1.91,2.02,1.82,1.97,2.75,3.5,2.37,,,,2.7,3.2,2.35,2.95,3.5,2.38,3.4,3.3,2,3,3.3,2.3,3.25,3.5,2.49,2.84,3.36,2.33,1.85,1.95,1.9,1.93,1.96,2.03,1.85,1.91,0.25,1.75,2.05,1.81,2.06,1.9,2.11,1.76,2.02
EC,21/08/2021,15:00,Solihull,Wrexham,2,2,D,1,2,A,0,1,0,0,2.8,3.4,2.3,,,,,,,2.66,3.54,2.42,,,,2.7,3.3,2.4,2.85,3.54,2.48,2.69,3.44,2.38,1.85,1.95,1.89,1.93,1.92,1.95,1.87,1.89,0,2.05,1.75,2.02,1.83,2.05,1.86,2.01,1.8,2.8,3.4,2.3,2.6,3.4,2.4,2.55,3.25,2.5,2.65,3.49,2.63,2.75,3.3,2.3,2.7,3.3,2.5,2.8,3.58,2.64,2.63,3.35,2.5,1.85,1.95,1.98,1.86,2,1.95,1.91,1.85,0,2.05,1.75,1.93,1.92,2.05,1.98,1.92,1.86
EC,21/08/2021,15:00,Stockport,Dag and Red,1,3,A,1,1,D,2,3,0,0,1.66,3.6,4.75,,,,1.73,3.65,4.1,1.78,3.95,4.22,1.63,3.6,4.75,1.7,3.7,4.4,1.78,4,4.75,1.71,3.78,4.29,1.8,2,1.82,2.01,1.85,2.03,1.79,1.97,-0.75,1.95,1.85,2.02,1.82,2.02,1.94,1.94,1.86,1.53,4,5.5,,,,1.57,3.85,4.9,1.59,4.31,5.26,1.7,3.6,4.2,1.57,3.9,5.5,1.62,4.33,5.5,1.58,4.04,5.04,1.85,1.95,1.88,1.95,1.91,2.04,1.82,1.93,-1,1.98,1.83,2.1,1.76,2.11,1.88,2.04,1.76
EC,21/08/2021,15:00,Torquay,Altrincham,1,3,A,0,2,A,5,2,0,0,1.61,3.6,5,,,,1.63,3.7,4.7,1.63,3.91,4.84,1.63,3.6,4.8,1.62,3.8,4.8,1.68,4,5.25,1.62,3.8,4.79,1.8,2,1.77,1.99,1.81,2.08,1.76,1.99,-0.75,1.83,1.98,1.85,1.99,1.88,2.02,1.82,1.98,1.83,3.3,3.8,,,,1.9,3.3,3.85,1.92,3.57,4.08,1.63,3.6,4.8,1.8,3.5,4.33,1.98,3.7,4.33,1.85,3.48,3.95,1.8,2,1.86,1.97,1.87,2.04,1.8,1.95,-0.5,1.93,1.88,1.92,1.93,1.99,2.09,1.86,1.91
EC,21/08/2021,15:00,Wealdstone,Woking,1,2,A,0,2,A,1,2,0,0,2.87,3.25,2.25,,,,2.75,3.3,2.25,2.94,3.6,2.31,2.5,3.2,2.6,2.88,3.4,2.25,2.95,3.6,2.53,2.81,3.38,2.31,1.8,2,1.79,2.03,1.83,2.06,1.78,1.98,0.25,1.83,1.98,1.83,2.01,1.86,2.03,1.81,1.99,3.5,3.3,2,,,,3.35,3.3,1.97,3.7,3.5,2.04,2.88,3.2,2.25,3.5,3.4,2,3.7,3.56,2.09,3.42,3.42,2.02,1.8,2,1.9,1.93,1.92,2.02,1.82,1.93,0.25,2.1,1.7,2.11,1.76,2.11,1.83,2.02,1.76
EC,21/08/2021,15:00,Weymouth,Boreham Wood,0,2,A,0,2,A,1,0,0,0,3.25,3.3,2.05,3,3.5,2.15,2.85,3.45,2.15,3.05,3.81,2.17,2.9,3.4,2.15,3.1,3.4,2.15,3.25,3.81,2.22,2.97,3.55,2.15,1.75,2.05,1.77,2.06,1.81,2.08,1.76,2.01,0.25,1.93,1.88,1.93,1.91,1.94,1.91,1.9,1.88,3.6,3.4,1.9,3.4,3.4,1.98,3.35,3.25,2,3.67,3.66,2,3,3.4,2.1,3.4,3.4,2.05,3.67,3.66,2.19,3.34,3.46,2.04,2,1.8,1.99,1.85,2.04,1.96,1.92,1.84,0.25,2.1,1.7,2.15,1.73,2.15,1.84,2.02,1.76
EC,28/08/2021,15:00,Boreham Wood,Aldershot,1,0,H,0,0,D,4,4,0,0,1.72,3.6,4.75,1.7,3.5,4.6,1.7,3.55,4.4,1.74,3.8,4.66,1.7,3.4,4.5,1.7,3.6,4.5,1.77,3.84,5,1.72,3.66,4.46,1.95,1.85,1.93,1.89,1.96,1.93,1.91,1.85,-0.75,1.95,1.85,1.98,1.85,1.99,1.9,1.94,1.84,1.8,3.5,4.33,1.7,3.5,4.6,1.8,3.25,4.1,1.85,3.49,4.51,1.7,3.4,4.5,1.8,3.5,4.33,1.87,3.65,4.6,1.8,3.46,4.28,2,1.8,2.05,1.8,2.08,1.88,1.97,1.79,-0.75,2.08,1.73,2.14,1.74,2.14,1.81,2.04,1.75
EC,28/08/2021,15:00,Chesterfield,Wealdstone,2,0,H,1,0,H,2,2,0,0,1.3,4.5,9.5,1.31,4.6,9.75,1.3,4.9,8,1.29,5.4,10.4,1.29,4.6,9.5,1.29,5,9,1.33,5.5,10.4,1.29,5.1,9.09,1.65,2.2,1.64,2.26,1.71,2.28,1.63,2.21,-1.5,1.93,1.88,1.93,1.9,1.97,1.9,1.92,1.86,1.33,4.2,8.5,1.35,4.4,8.75,1.35,4.6,7,1.34,5.14,9.08,1.29,4.6,9.5,1.36,4.75,8,1.38,5.2,9.08,1.34,4.78,8.02,1.65,2.2,1.66,2.25,1.66,2.25,1.62,2.19,-1.5,2.05,1.75,2.02,1.84,2.09,1.86,2.02,1.78
EC,28/08/2021,15:00,Dag and Red,Bromley,4,2,H,1,1,D,2,1,0,0,2.25,3.4,2.87,2.25,3.4,2.85,2.25,3.1,3,2.34,3.31,3.12,2.25,3.1,3,2.25,3.2,3,2.35,3.42,3.25,2.26,3.28,3,2,1.8,2.01,1.82,2.05,1.85,1.97,1.79,-0.25,1.98,1.83,2.01,1.83,2.01,1.94,1.95,1.83,2.05,3.4,3.3,2.1,3.5,2.95,2.1,3.3,3.1,2.14,3.61,3.32,2.25,3.1,3,2.05,3.13,2.9,2.3,3.68,3.33,2.14,3.44,3.08,1.9,1.9,1.96,1.88,1.99,2.01,1.88,1.87,-0.25,1.85,1.95,1.86,2,1.94,2.04,1.87,1.91
EC,28/08/2021,15:00,Eastleigh,Wrexham,0,2,A,0,2,A,1,1,0,0,3.1,3.3,2.15,2.9,3.3,2.25,3.15,3,2.2,3.45,3.24,2.21,3,3,2.3,3.1,3.13,2.25,3.45,3.32,2.34,3.17,3.18,2.22,2.15,1.66,2.17,1.69,2.2,1.73,2.13,1.67,0.25,1.88,1.93,1.94,1.89,1.94,2.02,1.85,1.93,2.9,3.3,2.25,2.9,3.3,2.25,3.05,2.95,2.3,3.46,3.21,2.25,3,3,2.3,3.1,3.2,2.25,3.46,3.31,2.34,3.13,3.15,2.26,2.1,1.7,2.18,1.7,2.23,1.71,2.12,1.67,0.25,1.83,1.98,1.93,1.92,1.96,2.04,1.83,1.95
EC,28/08/2021,15:00,Grimsby,Weymouth,1,0,H,0,0,D,0,0,0,0,1.45,3.8,6.5,,,,1.47,4,6,1.49,4.26,6.98,,,,1.5,4.1,6.5,1.51,4.4,7,1.47,4.18,6.37,1.8,2,1.84,2,1.86,2.05,1.79,1.97,-1,1.85,1.95,1.86,1.99,1.89,2.02,1.82,1.96,1.5,3.8,6,1.44,4.1,6.75,1.5,3.85,6,1.52,4.08,6.83,,,,1.5,4,6.5,1.55,4.2,6.83,1.5,4,6.11,1.9,1.9,1.95,1.88,1.99,2.08,1.87,1.89,-1,1.93,1.88,1.93,1.92,2.01,1.95,1.89,1.89
EC,28/08/2021,15:00,Maidenhead,Dover Athletic,2,0,H,2,0,H,0,1,0,0,1.95,3.4,3.4,2,3.5,3.3,2.05,3.25,3.4,2.07,3.5,3.54,,,,1.91,3.4,3.6,2.09,3.55,3.8,2.01,3.41,3.48,1.95,1.85,1.96,1.86,2,1.88,1.93,1.83,-0.25,,,1.79,2.06,1.82,2.15,1.75,2.05,1.65,3.75,4.75,1.68,3.6,4.6,1.67,3.65,4.3,1.7,4.11,4.58,,,,1.67,3.75,4.75,1.8,4.11,5,1.69,3.79,4.5,1.9,1.9,1.85,1.99,1.96,1.99,1.88,1.87,-0.75,1.9,1.9,1.93,1.92,2.01,1.94,1.9,1.87
EC,28/08/2021,15:00,Notts County,Torquay,1,1,D,0,1,A,2,3,0,1,1.9,3.5,3.5,1.93,3.4,3.6,1.97,3,3.85,2,3.18,4.22,1.95,3.2,3.6,1.95,3.3,3.6,2.05,3.54,4.3,1.97,3.24,3.8,2,1.8,1.99,1.83,2.05,1.86,1.96,1.8,-0.5,1.98,1.83,2,1.84,2.01,1.85,1.98,1.81,1.83,3.5,3.75,1.87,3.4,3.8,1.83,3.35,3.95,1.81,3.74,4.38,1.95,3.2,3.6,1.83,3.6,4,1.88,3.74,4.43,1.83,3.54,3.99,1.85,1.95,1.85,1.99,1.95,1.99,1.84,1.92,-0.5,1.85,1.95,1.81,2.05,1.88,2.05,1.82,1.95
EC,28/08/2021,15:00,Solihull,Barnet,1,1,D,1,0,H,0,2,0,0,1.57,3.8,5,1.65,3.6,4.8,1.63,3.65,4.7,1.67,3.89,5.02,1.55,3.75,5.25,1.62,3.8,4.8,1.68,4.07,5.25,1.63,3.86,4.8,1.72,2.07,1.76,2.07,1.79,2.11,1.73,2.04,-0.75,1.8,2,1.86,1.97,1.86,2.04,1.8,1.99,1.5,4,6,1.53,3.9,5.75,1.5,4,5.5,1.52,4.39,6.08,1.55,3.75,5.25,1.53,4,5.75,1.6,4.4,6.08,1.52,4.14,5.59,1.7,2.1,1.71,2.16,1.76,2.17,1.71,2.07,-1,1.88,1.93,1.89,1.96,1.98,2.01,1.87,1.91
EC,28/08/2021,15:00,Woking,Halifax,2,3,A,1,2,A,1,4,0,0,2.4,3.25,2.9,2.35,3.2,2.85,2.4,3.05,2.8,2.49,3.31,2.89,2.38,3.1,2.8,2.38,3.2,2.8,2.51,3.36,2.95,2.4,3.23,2.83,2.07,1.72,2.07,1.76,2.11,1.79,2.03,1.73,0,1.73,2.08,1.78,2.08,1.79,2.13,1.75,2.05,2.05,3.4,3.6,2.05,3.3,3.3,2.1,3.25,3.25,2.1,3.52,3.52,2.38,3.1,2.8,2.05,3.4,3.4,2.15,3.56,3.6,2.06,3.4,3.34,1.95,1.85,1.93,1.9,2.02,1.9,1.92,1.83,-0.25,1.8,2,1.81,2.05,1.87,2.09,1.78,2
EC,28/08/2021,15:00,Yeovil,King’s Lynn,1,2,A,1,0,H,3,1,1,0,1.9,3.4,3.6,,,,1.9,3.4,3.65,1.93,3.7,3.82,,,,1.87,3.5,3.75,1.95,3.75,3.85,1.89,3.57,3.69,1.95,1.85,1.83,2,1.95,2,1.83,1.93,-0.5,,,1.93,1.91,1.93,1.95,1.88,1.89,2.37,3.4,2.8,,,,2.35,3.3,2.65,2.46,3.55,2.82,,,,2.45,3.4,2.7,2.46,3.62,2.89,2.38,3.44,2.72,1.66,2.15,1.69,2.19,1.8,2.2,1.69,2.1,0,1.77,2.02,1.8,2.07,1.86,2.08,1.79,2
EC,28/08/2021,17:20,Southend,Stockport,0,1,A,0,1,A,2,3,0,0,2.5,3.2,2.8,2.45,3.1,2.75,2.6,3.1,2.5,2.77,3.36,2.56,2.62,3.1,2.5,2.63,3.13,2.55,2.8,3.37,2.8,2.66,3.22,2.54,2.15,1.66,2.12,1.72,2.22,1.74,2.11,1.68,0,1.83,1.98,2,1.84,2.03,1.98,1.92,1.86,3,3.2,2.45,2.95,3.2,2.3,2.85,3.05,2.35,3.02,3.28,2.45,2.62,3.1,2.5,2.88,3.2,2.4,3.02,3.37,2.55,2.88,3.19,2.39,2.25,1.61,2.32,1.63,2.32,1.73,2.17,1.64,0,2.05,1.75,2.15,1.73,2.16,1.79,2.09,1.73
EC,30/08/2021,15:00,Aldershot,Yeovil,1,2,A,0,1,A,5,5,0,0,2.7,3.3,2.6,2.5,3.5,2.45,2.5,3.25,2.55,2.57,3.47,2.68,2.5,3.3,2.5,2.55,3.4,2.5,2.7,3.62,2.71,2.53,3.39,2.55,1.66,2.15,1.71,2.14,1.78,2.21,1.66,2.14,0,1.9,1.9,1.88,1.96,1.97,1.96,1.9,1.89,2.15,3.4,3.5,2.1,3.5,3.1,2.1,3.2,3.2,2.19,3.4,3.39,2.1,3.3,3.1,2.1,3.5,3.2,2.19,3.58,3.5,2.11,3.35,3.25,1.8,2,1.84,2,1.85,2.08,1.78,1.99,-0.25,1.85,1.95,1.88,1.96,1.94,2,1.84,1.94
EC,30/08/2021,15:00,Barnet,Dag and Red,0,2,A,0,2,A,0,2,0,0,3.4,3.6,2.05,3.1,3.5,2.05,3.1,3.3,2.1,3.32,3.53,2.15,3.2,3.2,2.1,3.1,3.4,2.1,3.4,3.6,2.16,3.19,3.44,2.1,1.8,2,1.85,1.98,1.87,2.02,1.8,1.95,0.25,1.98,1.83,1.98,1.86,2.04,1.91,1.95,1.83,5.75,4,1.55,4.8,4.2,1.55,5,3.9,1.55,5.43,4.32,1.58,5.25,3.75,1.55,5.5,4,1.55,5.75,4.32,1.62,5.15,4.06,1.56,1.8,2,1.76,2.09,1.88,2.15,1.79,1.98,1,1.8,2,1.85,2.01,1.88,2.08,1.8,1.99
EC,30/08/2021,15:00,Bromley,Eastleigh,3,0,H,1,0,H,3,3,1,0,2.1,3.4,3.4,2,3.5,3.2,2.1,3.35,3.1,2.13,3.59,3.3,2.05,3.3,3.2,2.05,3.5,3.2,2.2,3.62,3.4,2.07,3.47,3.21,1.75,2.05,1.78,2.04,1.98,2.07,1.76,2,-0.25,1.8,2,1.85,1.99,1.87,2.05,1.81,1.98,2.1,3.4,3.25,2.15,3.4,3.1,2.15,3.15,3.1,2.2,3.49,3.3,2.25,3.2,2.9,2.2,3.3,3.13,2.33,3.54,3.3,2.17,3.33,3.14,1.95,1.85,1.97,1.86,2.01,1.93,1.92,1.83,-0.25,1.85,1.95,1.9,1.95,1.97,1.97,1.88,1.9
EC,30/08/2021,15:00,Dover Athletic,Boreham Wood,0,1,A,0,1,A,2,1,0,0,3.8,3.4,1.95,3.3,3.5,1.98,3.45,3.45,1.95,3.65,3.76,1.95,3.5,3.4,1.91,3.5,3.5,1.93,3.8,3.78,2.08,3.51,3.56,1.95,1.8,2,1.81,2.02,1.92,2.04,1.79,1.97,0.5,1.83,1.98,1.88,1.95,1.89,2.08,1.83,1.94,5.75,3.75,1.61,4.8,3.7,1.63,4.7,3.6,1.63,5.27,3.97,1.65,5,3.5,1.62,5,3.9,1.62,5.75,4.05,1.68,4.96,3.81,1.63,1.8,2,1.83,2.02,1.86,2.06,1.8,1.96,0.75,2.02,1.77,2.03,1.83,2.12,1.87,1.98,1.8
EC,30/08/2021,15:00,Halifax,Altrincham,2,0,H,0,0,D,1,2,0,0,1.9,3.4,4,2.05,3.6,3.1,1.95,3.45,3.35,2,3.76,3.5,1.9,3.4,3.5,1.9,3.5,3.6,2.05,3.78,4,1.92,3.59,3.54,1.8,2,1.82,2.01,1.88,2.1,1.8,1.95,-0.5,1.93,1.88,2,1.84,2.01,1.95,1.91,1.86,2.1,3.5,3.3,2,3.4,3.3,2.1,3.3,3.05,2.18,3.53,3.3,2,3.4,3.3,2.1,3.4,3.3,2.25,3.65,3.45,2.12,3.43,3.18,1.85,1.95,1.89,1.94,1.92,1.97,1.86,1.9,-0.25,1.88,1.93,1.88,1.97,1.94,2.02,1.84,1.94
EC,30/08/2021,15:00,King’s Lynn,Chesterfield,0,2,A,0,1,A,4,5,0,0,3.25,3.4,2.15,,,,3,3.35,2.15,3.24,3.59,2.16,3,3.4,2.1,3,3.6,2.1,3.29,3.72,2.17,3.07,3.5,2.13,1.65,2.2,1.66,2.22,1.78,2.3,1.63,2.2,0.25,1.93,1.88,1.96,1.87,1.96,1.92,1.91,1.86,4.75,3.75,1.7,,,,4.1,3.55,1.73,4.58,3.89,1.75,3.8,3.5,1.8,4.33,3.7,1.75,4.76,3.89,1.83,4.21,3.7,1.76,1.72,2.07,1.77,2.08,1.85,2.11,1.75,2.02,0.75,1.88,1.93,1.88,1.97,1.96,2.03,1.82,1.95
EC,30/08/2021,15:00,Torquay,Woking,0,4,A,0,2,A,3,0,1,0,1.75,3.75,4.33,1.77,3.7,3.9,1.77,3.5,3.95,1.83,3.72,4.21,1.75,3.6,4,1.73,3.7,4.1,1.85,3.82,4.35,1.78,3.66,4.03,1.72,2.07,1.72,2.13,1.87,2.14,1.72,2.07,-0.75,2,1.8,2.06,1.78,2.09,1.87,2,1.79,1.95,3.6,3.6,1.98,3.3,3.5,2,3.35,3.3,2.04,3.63,3.58,2,3.3,3.4,2,3.6,3.4,2.1,3.7,3.71,2.02,3.49,3.36,1.66,2.15,1.69,2.19,1.77,2.19,1.69,2.1,-0.5,1.98,1.83,2.04,1.83,2.06,1.88,2,1.78
EC,30/08/2021,15:00,Wealdstone,Southend,0,0,D,0,0,D,2,4,0,0,4.33,3.4,1.85,3.5,3.6,1.88,3.45,3.65,1.9,3.7,3.98,1.88,3.6,3.5,1.85,3.6,3.7,1.85,4.33,4,1.9,3.59,3.77,1.86,1.6,2.3,1.62,2.3,1.64,2.36,1.59,2.26,0.5,1.93,1.88,1.95,1.88,1.96,1.89,1.92,1.85,4.5,3.8,1.75,3.75,3.8,1.78,3.8,3.55,1.8,4.1,3.98,1.81,3.9,3.5,1.78,4.1,3.8,1.75,4.5,4,1.84,3.97,3.78,1.78,1.7,2.1,1.76,2.09,1.8,2.12,1.73,2.04,0.5,2.05,1.75,2.05,1.81,2.07,1.84,2,1.78
EC,30/08/2021,15:00,Weymouth,Maidenhead,3,1,H,2,0,H,1,1,0,0,2.55,3.3,2.62,2.55,3.4,2.45,2.6,3.3,2.4,2.8,3.69,2.37,2.5,3.2,2.55,2.55,3.3,2.55,2.8,3.69,2.7,2.59,3.4,2.5,1.88,1.93,1.86,1.96,1.92,1.98,1.85,1.9,0,1.88,1.93,1.98,1.85,1.99,1.97,1.9,1.88,3.6,3.4,1.95,3.25,3.25,2.1,3.5,3,2.1,3.82,3.21,2.12,3.25,3.3,2.05,3.7,3.3,2,3.82,3.58,2.14,3.45,3.33,2.04,2.1,1.7,2.21,1.68,2.22,1.75,2.12,1.67,0.25,2,1.8,2.06,1.81,2.14,1.86,2.03,1.76
EC,30/08/2021,19:30,Wrexham,Notts County,1,1,D,0,1,A,1,4,0,0,2.1,3.4,3.4,2.15,3.6,2.87,2.1,3.45,2.95,2.14,3.74,3.16,2.1,3.4,3,2.1,3.3,3.2,2.21,3.77,3.4,2.12,3.54,3.06,1.93,1.88,1.94,1.88,1.94,1.93,1.89,1.86,-0.25,1.85,1.95,1.87,1.96,1.93,1.99,1.86,1.92,2.1,3.25,3.2,2.05,3.2,3.5,2.05,3.1,3.45,2.29,3.3,3.27,2.2,3.1,3.1,2.1,3.3,3.3,2.3,3.38,3.6,2.16,3.23,3.25,2.05,1.75,2.06,1.8,2.13,1.84,2.02,1.74,-0.25,1.9,1.9,1.96,1.88,1.96,2.08,1.88,1.9
EC,31/08/2021,19:45,Stockport,Grimsby,0,0,D,0,0,D,0,0,0,0,1.95,3.4,3.8,,,,1.95,3.35,3.5,1.97,3.59,3.62,1.95,3.3,3.5,1.93,3.5,3.5,2,3.67,3.8,1.96,3.49,3.52,1.8,2,1.83,2,1.87,2.01,1.8,1.96,-0.5,1.98,1.83,1.99,1.85,2,1.86,1.95,1.82,1.9,3.5,4,2,3.3,3.4,1.95,3.1,3.9,1.93,3.38,4.34,1.95,3.1,3.8,1.91,3.3,4,2,3.5,4.34,1.91,3.28,3.97,2.15,1.66,2.14,1.72,2.21,1.77,2.12,1.68,-0.5,1.88,1.93,1.93,1.93,1.95,1.96,1.89,1.88
EC,4/9/2021,15:00,Altrincham,Dover Athletic,3,2,H,1,1,D,0,4,0,0,1.6,3.8,5,1.6,3.9,4.8,1.63,3.75,4.5,1.66,4.05,4.87,1.63,3.6,4.75,1.65,3.8,4.6,1.7,4.1,5,1.65,3.91,4.65,1.7,2.1,1.72,2.13,1.76,2.15,1.7,2.08,-0.75,1.83,1.98,1.85,1.98,1.89,2,1.83,1.95,1.7,3.75,4.5,1.63,3.9,4.6,1.73,3.45,4.2,1.79,3.64,4.64,1.63,3.6,4.75,1.7,3.8,4.5,1.8,3.92,5,1.73,3.67,4.39,1.8,2,1.85,1.99,1.85,2.14,1.78,1.99,-0.75,1.98,1.83,2.03,1.83,2.03,1.96,1.94,1.85
EC,4/9/2021,15:00,Boreham Wood,Stockport,0,0,D,0,0,D,1,1,0,0,3.1,3.2,2.2,3.1,3.1,2.25,3.1,2.95,2.25,3.25,3.15,2.36,3.1,3,2.25,3.1,3.1,2.25,3.4,3.3,2.4,3.14,3.12,2.27,2.15,1.66,2.19,1.68,2.21,1.78,2.11,1.68,0.25,1.83,1.98,1.83,2.01,1.91,2.02,1.83,1.95,2.75,3,2.7,2.7,3,2.55,2.7,2.75,2.65,2.85,2.94,2.84,2.62,3,2.6,2.75,3,2.63,2.89,3.13,2.84,2.74,2.93,2.69,2.4,1.53,2.55,1.53,2.55,1.58,2.41,1.53,0,1.93,1.88,1.93,1.93,2,2,1.91,1.88
EC,4/9/2021,15:00,Chesterfield,Bromley,2,2,D,1,1,D,3,1,0,0,1.7,3.6,4.5,1.7,3.7,4.4,1.73,3.65,4.1,1.75,3.92,4.39,1.73,3.5,4.2,1.73,3.7,4.2,1.82,4,4.5,1.74,3.75,4.17,1.75,2.05,1.78,2.04,1.81,2.08,1.76,2.01,-0.75,1.95,1.85,1.99,1.85,2.05,1.93,1.95,1.84,1.72,3.6,4.33,1.73,3.5,4.4,1.77,3.35,4.3,1.81,3.56,4.68,1.73,3.5,4.2,1.7,3.6,4.75,1.82,3.75,4.75,1.76,3.53,4.37,1.95,1.85,1.98,1.86,2,1.97,1.91,1.84,-0.75,2,1.8,2.04,1.82,2.05,1.88,1.98,1.81
EC,4/9/2021,15:00,Dag and Red,Wealdstone,2,2,D,1,1,D,1,4,0,0,1.44,4,7,1.44,4.33,6.25,1.43,4.3,6.25,1.43,4.71,6.86,1.42,4.2,6.5,1.4,4.33,6.5,1.47,4.8,7.25,1.43,4.47,6.4,1.65,2.2,1.65,2.25,1.68,2.28,1.63,2.2,-1.25,2,1.8,2.02,1.82,2.05,1.84,2,1.79,1.36,4,9.5,1.37,4.75,7.25,1.4,4.5,6.5,1.39,5,7.56,1.42,4,7,1.36,4.8,7.5,1.42,5,9.5,1.37,4.77,7.13,1.6,2.3,1.61,2.35,1.65,2.48,1.58,2.27,-1.25,1.8,2,1.85,2,1.89,2.07,1.82,1.95
EC,4/9/2021,15:00,Eastleigh,King’s Lynn,3,3,D,2,0,H,4,2,0,0,2,3.2,3.4,,,,2.15,3.1,3.3,2.17,3.28,3.5,2.05,3.2,3.3,2.1,3.25,3.3,2.18,3.42,3.6,2.09,3.27,3.37,2,1.8,2.04,1.79,2.07,1.82,1.99,1.77,-0.25,1.83,1.98,1.86,1.98,1.86,2.04,1.82,1.97,1.9,3.4,4.2,,,,2,3.3,3.35,1.99,3.49,3.9,2.05,3.1,3.5,2,3.5,3.5,2.05,3.67,4.2,1.98,3.43,3.57,1.95,1.85,1.93,1.9,2.02,1.93,1.92,1.84,-0.5,1.95,1.85,1.99,1.87,2.01,1.88,1.95,1.83
EC,4/9/2021,15:00,Grimsby,Barnet,4,3,H,1,2,A,1,3,0,1,1.33,4.75,7.5,1.33,5,8,1.35,4.7,7.25,1.32,5.45,8.6,1.3,4.75,8,1.33,4.75,7.5,1.36,5.6,9,1.33,5.12,7.77,1.6,2.3,1.59,2.37,1.65,2.38,1.58,2.29,-1.5,2.05,1.75,2.05,1.8,2.06,1.84,1.99,1.79,1.45,4,6.5,1.44,4.2,6.5,1.5,3.85,5.75,1.52,4.14,6.61,1.32,4.5,8.5,1.45,4.1,7,1.53,4.32,7,1.48,4.04,6.28,2,1.8,1.97,1.87,2.04,1.97,1.91,1.84,-1,1.9,1.9,1.93,1.93,1.97,2.11,1.85,1.94
EC,4/9/2021,15:00,Maidenhead,Torquay,3,4,A,0,4,A,4,2,0,0,2.8,3.2,2.4,2.8,3.25,2.35,2.7,3.2,2.35,2.81,3.49,2.46,2.7,3.2,2.4,2.63,3.4,2.4,2.87,3.52,2.5,2.71,3.34,2.42,1.8,2,1.83,2,1.86,2.02,1.8,1.96,0,2.02,1.77,2.06,1.79,2.07,1.93,2,1.8,3.75,3.4,2.05,3.1,3.6,2.05,3.15,3.4,2.05,3.42,3.77,2.05,3.1,3.2,2.15,3.3,3.5,2.05,3.75,3.78,2.12,3.28,3.55,2.03,1.8,2,1.79,2.04,1.83,2.07,1.77,1.98,0.25,2.05,1.75,2.07,1.79,2.13,1.83,2.01,1.78
EC,4/9/2021,15:00,Notts County,Aldershot,3,2,H,1,1,D,2,0,0,0,1.36,4.2,7.5,1.44,4.1,6.75,1.43,4.3,6.25,1.45,4.3,7.38,1.4,4.2,7,1.4,4.33,7,1.46,4.75,7.75,1.41,4.36,6.93,1.7,2.1,1.74,2.1,1.77,2.15,1.7,2.08,-1.25,1.98,1.83,1.98,1.86,2.04,1.87,1.96,1.83,1.4,4,7,1.47,4,6.5,1.43,4.2,6.25,1.48,4.58,6.37,1.44,4,6.5,1.45,4.2,6.5,1.5,4.91,7,1.45,4.32,6.31,1.72,2.07,1.76,2.09,1.79,2.14,1.72,2.05,-1.25,2.08,1.73,2.02,1.84,2.08,1.87,2,1.79
EC,4/9/2021,15:00,Solihull,Weymouth,3,4,A,1,3,A,1,3,0,0,1.44,3.8,7.5,1.44,4,7.25,1.45,4.1,6.25,1.45,4.42,7.01,1.42,3.9,7,1.44,4.1,6.5,1.48,4.5,7.5,1.44,4.27,6.55,1.8,2,1.85,1.98,1.87,2.01,1.81,1.95,-1,1.77,2.02,1.79,2.06,1.83,2.09,1.78,2.02,1.5,4.2,6.5,1.55,3.6,6,1.5,3.85,6,1.52,4.01,6.91,1.5,3.9,5.5,1.5,4,6.5,1.55,4.2,6.91,1.52,3.93,6.08,1.85,1.95,1.89,1.94,1.93,2.01,1.84,1.91,-1,1.9,1.9,1.91,1.94,1.95,1.96,1.89,1.89
EC,4/9/2021,15:00,Southend,Wrexham,2,2,D,1,0,H,0,2,0,0,2.8,3.2,2.37,2.8,3.25,2.35,2.9,3.15,2.3,3.07,3.45,2.31,2.8,3.2,2.35,2.9,3.25,2.3,3.14,3.47,2.4,2.91,3.31,2.3,2,1.8,2,1.83,2.03,1.85,1.97,1.79,0.25,1.75,2.05,1.85,1.99,1.87,2.05,1.8,1.98,3.5,3.3,2,3.4,3.2,2.05,3.4,3.2,2,3.58,3.51,2.08,3.1,3.3,2.1,3.5,3.1,2.05,3.85,3.56,2.12,3.47,3.33,2.04,2.25,1.61,2.3,1.63,2.39,1.67,2.23,1.61,0.25,2.02,1.77,2.07,1.79,2.1,1.86,2.01,1.78
EC,4/9/2021,17:15,Yeovil,Halifax,1,0,H,1,0,H,2,2,0,0,2.75,3.25,2.37,2.55,3.2,2.55,2.6,3.25,2.4,2.73,3.59,2.48,2.45,3.2,2.62,2.63,3.4,2.4,2.75,3.59,2.6,2.65,3.41,2.43,1.8,2,1.85,1.98,1.87,2.01,1.81,1.95,0,2,1.8,2.02,1.83,2.05,1.85,1.98,1.81,2.62,3.3,2.4,2.75,3.1,2.45,2.7,3.1,2.45,2.71,3.38,2.64,2.62,3.3,2.4,2.7,3.4,2.45,2.85,3.45,2.69,2.7,3.27,2.47,1.95,1.85,1.97,1.87,2.04,1.94,1.89,1.85,0,1.95,1.85,1.95,1.9,2.07,1.93,1.98,1.82
EC,11/9/2021,15:00,Aldershot,Solihull,1,2,A,1,1,D,1,3,0,0,3.4,3.4,2.1,,,,3.1,3.35,2.1,3.21,3.51,2.1,3.2,3.3,2.05,3.13,3.5,2.05,3.5,3.64,2.17,3.17,3.47,2.1,1.72,2.07,1.72,2.04,1.78,2.14,1.73,2.03,0.25,1.98,1.83,1.97,1.85,2.01,1.85,1.95,1.83,2.87,3.4,2.4,2.75,3.4,2.3,2.7,3.2,2.4,2.9,3.41,2.46,3.2,3.3,2.05,2.75,3.4,2.4,3.39,3.58,2.51,2.85,3.36,2.34,1.85,1.95,1.85,1.99,1.91,2.08,1.79,1.97,0.25,1.73,2.08,1.75,2.11,1.98,2.15,1.78,2.02
EC,11/9/2021,15:00,Barnet,Eastleigh,1,1,D,1,0,H,2,0,0,0,3.6,3.4,2.05,,,,3.1,3.4,2.1,3.18,3.56,2.1,3.2,3.3,2.05,3.13,3.5,2.05,3.6,3.75,2.15,3.16,3.52,2.09,1.7,2.1,1.68,2.11,1.72,2.21,1.68,2.1,0.25,1.98,1.83,1.97,1.85,1.99,1.85,1.95,1.83,3.4,3.4,1.95,3.6,3.25,1.98,3.25,3.25,2.05,3.46,3.59,2.09,3.2,3.3,2.05,3.4,3.3,2.1,3.6,3.73,2.13,3.33,3.4,2.07,2,1.8,2.01,1.83,2.08,1.96,1.97,1.79,0.25,2,1.8,2.05,1.81,2.06,1.86,1.98,1.8
EC,11/9/2021,15:00,Bromley,Boreham Wood,2,3,A,0,1,A,2,3,0,0,2.3,3.4,3,,,,2.25,3.3,2.8,2.36,3.47,2.95,2.25,3.25,2.87,2.3,3.3,2.88,2.45,3.5,3,2.31,3.38,2.84,1.88,1.93,1.86,1.94,1.89,2,1.83,1.92,-0.25,2.02,1.77,2.03,1.8,2.09,1.84,2.01,1.78,2.7,3.4,2.55,2.6,3.3,2.5,2.65,3.05,2.5,2.78,3.27,2.64,2.25,3.25,2.87,2.7,3.25,2.55,2.78,3.4,2.7,2.65,3.23,2.56,2.05,1.75,2.07,1.77,2.1,1.85,2.01,1.75,0,1.93,1.88,1.98,1.88,2,1.93,1.92,1.87
EC,11/9/2021,15:00,Dover Athletic,Chesterfield,0,0,D,0,0,D,0,0,0,0,5.5,4.33,1.53,,,,5.5,4.1,1.5,5.79,4.25,1.53,5.8,4,1.47,5.5,4.1,1.5,6.5,4.4,1.55,5.61,4.22,1.51,1.65,2.2,1.65,2.22,1.69,2.27,1.63,2.19,1,1.95,1.85,1.95,1.87,1.98,1.91,1.93,1.85,7.5,5,1.4,6,4.4,1.44,6.5,4.4,1.4,6.59,4.8,1.45,5.8,4,1.47,7.5,4.5,1.4,7.5,5,1.55,6.51,4.57,1.42,1.7,2.1,1.71,2.16,1.72,2.23,1.66,2.14,1.25,1.88,1.93,1.91,1.94,1.94,2.17,1.86,1.93
EC,11/9/2021,15:00,Halifax,Southend,3,1,H,1,0,H,3,7,0,0,2.6,3.4,2.6,,,,2.5,3.25,2.5,2.64,3.42,2.6,2.55,3.2,2.55,2.55,3.3,2.55,2.66,3.54,2.62,2.56,3.36,2.53,1.8,2,1.79,2,1.82,2.15,1.75,2.01,0,1.9,1.9,1.93,1.89,1.96,1.93,1.9,1.88,2.3,3.4,3.1,2.35,3.25,2.8,2.25,3.05,2.95,2.51,3.19,3.01,2.55,3.2,2.55,2.55,3.2,2.7,2.89,3.4,3.14,2.44,3.19,2.83,2.07,1.72,2.14,1.72,2.14,1.82,2.04,1.73,0,1.65,2.2,1.76,2.12,2.01,2.24,1.79,2.02
EC,11/9/2021,15:00,Stockport,Yeovil,0,3,A,0,1,A,0,3,1,0,1.57,4,5.5,,,,1.55,3.75,5.25,1.59,3.99,5.63,1.57,3.75,5,1.57,3.8,5.25,1.62,4.2,5.75,1.57,3.98,5.25,1.72,2.07,1.75,2.08,1.79,2.15,1.73,2.05,-1,2,1.8,2.05,1.79,2.06,1.85,2,1.8,1.57,4,5.75,1.53,3.9,5.5,1.57,3.75,5,1.6,4.04,5.61,1.57,3.75,5,1.57,3.9,5.5,1.64,4.29,6,1.57,3.94,5.26,1.85,1.95,1.86,1.97,1.91,2.02,1.82,1.93,-0.75,1.77,2.02,1.77,2.09,1.82,2.15,1.75,2.05
EC,11/9/2021,15:00,Torquay,Grimsby,1,3,A,1,2,A,2,2,0,0,2.62,3.3,2.62,,,,2.5,3.25,2.5,2.61,3.48,2.64,2.5,3.25,2.55,2.55,3.3,2.55,2.66,3.52,2.65,2.54,3.37,2.56,1.85,1.95,1.84,1.97,1.85,2.05,1.79,1.96,0,1.9,1.9,1.9,1.92,1.94,1.95,1.88,1.9,2.15,3.3,3.2,2.25,3.4,2.85,2.2,3.35,2.9,2.25,3.68,3.05,2.5,3.25,2.55,2.25,3.4,3,2.69,3.68,3.2,2.26,3.44,2.9,1.85,1.95,1.88,1.95,1.91,2.02,1.84,1.91,0,1.6,2.3,1.66,2.26,1.94,2.31,1.69,2.14
EC,11/9/2021,15:00,Wealdstone,Altrincham,1,0,H,0,0,D,2,3,0,1,3,3.4,2.3,,,,2.85,3.25,2.25,2.88,3.5,2.28,2.8,3.3,2.25,2.8,3.4,2.3,3.1,3.61,2.35,2.84,3.44,2.27,1.7,2.1,1.71,2.07,1.76,2.15,1.7,2.07,0.25,1.8,2,1.81,2.01,1.84,2.04,1.79,1.99,3.6,3.5,2.05,2.85,3.5,2.2,3.2,3.45,2,3.19,3.72,2.16,2.8,3.3,2.25,2.88,3.5,2.25,3.6,3.72,2.66,3.02,3.55,2.17,1.7,2.1,1.72,2.14,1.75,2.17,1.7,2.09,0.25,1.98,1.83,1.97,1.88,2.01,2.28,1.87,1.92
EC,11/9/2021,15:00,Weymouth,Notts County,1,1,D,0,0,D,1,0,0,0,6.5,4.5,1.45,,,,6,4.2,1.45,6.15,4.27,1.46,6.5,4,1.44,6,4.33,1.44,7,4.55,1.49,6.09,4.36,1.45,1.65,2.2,1.64,2.17,1.7,2.25,1.64,2.17,1.25,1.77,2.02,1.79,2.05,1.83,2.08,1.77,2.02,6.5,4.5,1.44,5.75,4.33,1.47,6.5,4.3,1.43,7.31,4.53,1.44,6.5,4,1.44,6,4.33,1.44,7.5,4.6,1.49,6.62,4.38,1.43,1.7,2.1,1.76,2.09,1.78,2.2,1.69,2.09,1.25,1.8,2,1.87,1.98,1.87,2.08,1.8,1.99
EC,11/9/2021,15:00,Wrexham,Woking,1,0,H,1,0,H,1,4,1,0,1.36,4.75,8,,,,1.33,4.8,7.75,1.31,5.37,9.26,1.28,4.75,9,1.3,4.8,8.5,1.36,5.5,10.5,1.31,5.11,8.34,1.6,2.3,1.62,2.3,1.66,2.32,1.6,2.25,-1.5,1.98,1.83,1.98,1.84,2.03,1.87,1.96,1.82,1.5,4.33,5.75,1.49,4.33,5.75,1.5,4,5.5,1.52,4.26,6.41,1.28,4.75,9,1.5,4.2,6,1.54,4.6,7.4,1.49,4.19,5.93,1.72,2.07,1.81,2.02,1.81,2.21,1.72,2.05,-1,1.85,1.95,1.87,1.98,1.9,2.14,1.82,1.96
EC,11/9/2021,17:20,King’s Lynn,Dag and Red,1,2,A,0,0,D,4,0,0,0,4,3.5,1.9,,,,3.45,3.5,1.9,3.7,3.84,1.92,3.4,3.4,1.95,3.4,3.5,1.95,4,3.87,2,3.52,3.65,1.92,1.7,2.1,1.72,2.13,1.76,2.15,1.69,2.09,0.5,1.88,1.93,1.91,1.91,1.93,2,1.86,1.91,5.5,3.75,1.65,,,,3.95,3.7,1.73,4.52,4.02,1.73,3.4,3.4,1.95,4.6,3.9,1.67,5.5,4.3,1.97,4.18,3.89,1.72,1.65,2.2,1.68,2.2,1.76,2.23,1.66,2.15,0.5,2.15,1.68,2.16,1.72,2.19,1.99,2.07,1.72
EC,14/09/2021,19:45,Boreham Wood,Halifax,2,2,D,2,1,H,2,1,0,0,1.9,3.5,3.5,1.95,3.3,3.6,1.95,3.25,3.65,1.96,3.56,3.9,1.9,3.2,3.75,1.93,3.4,3.8,2,3.56,4,1.94,3.42,3.68,1.95,1.85,1.95,1.88,2.03,1.91,1.94,1.81,-0.5,1.95,1.85,1.96,1.88,1.98,1.9,1.93,1.85,1.95,3.5,3.5,1.95,3.3,3.6,2,3.05,3.7,2.07,3.18,4.03,1.9,3.2,3.75,1.95,3.3,3.8,2.08,3.5,4.03,1.99,3.25,3.74,2.25,1.61,2.34,1.61,2.37,1.78,2.16,1.65,-0.5,2,1.8,2.07,1.8,2.08,1.88,1.98,1.8
EC,14/09/2021,19:45,Chesterfield,Barnet,4,2,H,2,2,D,3,2,0,0,1.36,4.75,7,1.4,4.5,6.75,1.33,4.6,7.25,1.33,5.22,9.29,1.28,4.75,9,1.33,5,8,1.4,5.3,9.4,1.34,4.85,7.88,1.65,2.2,1.65,2.26,1.68,2.29,1.63,2.2,-1.5,2.02,1.77,2.05,1.81,2.08,1.83,2.02,1.77,1.28,5,10,1.32,5,8.5,1.3,4.8,8,1.3,5.4,10.16,1.28,4.75,9,1.29,5.25,9.5,1.33,5.5,11,1.29,5.21,9.1,1.65,2.2,1.68,2.2,1.71,2.36,1.63,2.2,-1.5,1.93,1.88,1.98,1.87,2.01,1.96,1.93,1.86
EC,14/09/2021,19:45,Dag and Red,Weymouth,4,2,H,1,2,A,0,0,0,0,1.33,4.5,8.5,1.36,4.75,7.5,1.37,4.4,7,1.36,4.92,8.78,1.33,4.4,8,1.36,4.6,8,1.4,5,8.8,1.36,4.72,7.65,1.7,2.1,1.72,2.15,1.74,2.2,1.69,2.1,-1.25,1.83,1.98,1.88,1.97,1.9,2.02,1.84,1.94,1.33,4.5,8.5,1.37,4.75,7.25,1.37,4.6,7,1.36,5.04,8.62,1.33,4.4,8,1.36,4.8,7.5,1.38,5.29,8.75,1.36,4.83,7.5,1.6,2.3,1.6,2.36,1.66,2.36,1.59,2.27,-1.25,1.8,2,1.83,2.03,1.87,2.08,1.81,1.98
EC,14/09/2021,19:45,Eastleigh,Dover Athletic,4,1,H,4,0,H,0,2,0,0,1.65,3.6,5,1.83,3.6,3.7,1.73,3.55,4.3,1.73,3.9,4.67,1.61,3.7,4.75,1.67,3.9,4.6,1.9,3.91,5,1.75,3.67,4.26,1.8,2,1.81,2.02,1.9,2.1,1.8,1.95,-0.75,1.9,1.9,1.94,1.91,2.08,1.93,1.96,1.82,1.7,3.5,4.75,1.71,3.6,4.5,1.73,3.5,4.1,1.79,3.8,4.45,1.61,3.7,4.75,1.75,3.7,4.33,1.81,3.88,4.75,1.75,3.67,4.28,1.8,2,1.8,2.04,1.87,2.04,1.8,1.96,-0.75,1.98,1.83,2.01,1.85,2.09,1.88,1.98,1.81
EC,14/09/2021,19:45,Grimsby,Wrexham,3,1,H,2,1,H,2,2,0,0,3.6,3.6,2,3.3,3.7,1.93,3.25,3.4,2,3.53,3.74,2.02,2.75,3.2,2.35,3.5,3.5,2,3.62,3.74,2.08,3.39,3.55,1.99,1.8,2,1.81,2.02,1.85,2.08,1.78,1.98,0.5,1.83,1.98,1.84,2.02,1.86,2.04,1.79,1.99,3.1,3.75,2.2,3.5,3.25,2,3.1,3.15,2.15,3.27,3.39,2.25,2.75,3.2,2.35,3.2,3.4,2.15,3.5,3.75,2.28,3.18,3.33,2.15,2,1.8,1.99,1.85,2.02,1.91,1.93,1.83,0.25,1.88,1.93,1.92,1.93,1.97,1.98,1.9,1.88
EC,14/09/2021,19:45,Maidenhead,Stockport,0,2,A,0,1,A,0,1,2,0,3.3,3.4,2,3,3.4,2.15,3.05,3.35,2.15,3.2,3.71,2.16,3,3.4,2.1,3.3,3.4,2.1,3.3,3.73,2.2,3.09,3.49,2.13,1.8,2,1.85,1.99,1.87,2.07,1.79,1.96,0.25,1.98,1.83,1.97,1.88,2.01,1.9,1.93,1.85,3.8,3.4,1.83,3.6,3.25,1.98,3.55,3.4,1.95,3.8,3.86,1.91,3,3.4,2.1,3.9,3.4,1.91,4,3.86,1.99,3.64,3.55,1.92,2,1.8,2.04,1.81,2.1,1.84,2.01,1.76,0.5,1.9,1.9,1.94,1.91,1.99,1.99,1.87,1.9
EC,14/09/2021,19:45,Notts County,Wealdstone,3,2,H,2,1,H,2,5,0,0,1.44,4.5,5.75,1.41,4.6,6.5,1.43,4.3,6,1.44,4.7,7.05,1.38,4.33,7,1.4,4.6,6.5,1.45,4.8,7.25,1.42,4.55,6.42,1.6,2.3,1.59,2.39,1.63,2.39,1.57,2.3,-1.25,1.98,1.83,1.99,1.87,2,1.9,1.95,1.83,1.4,4.75,6.5,1.41,4.6,6.5,1.43,4.3,6,1.42,4.8,7.23,1.38,4.33,7,1.44,4.5,6.5,1.46,4.95,7.25,1.42,4.57,6.39,1.57,2.35,1.55,2.48,1.61,2.48,1.56,2.33,-1.25,1.95,1.85,1.96,1.89,2.03,1.96,1.94,1.84
EC,14/09/2021,19:45,Solihull,Torquay,2,1,H,1,0,H,0,2,0,0,2.45,3.3,2.62,2.37,3.4,2.65,2.35,3.4,2.6,2.48,3.75,2.68,2.3,3.4,2.7,2.4,3.5,2.7,2.48,3.77,2.85,2.4,3.54,2.63,1.72,2.07,1.79,2.05,1.82,2.14,1.74,2.02,0,1.83,1.98,1.85,2.01,1.87,2.08,1.8,1.99,1.95,3.4,3.5,1.98,3.5,3.3,2.1,3.5,3,2.1,3.89,3.22,2.3,3.4,2.7,2.05,3.6,3.2,2.15,3.89,3.5,2.07,3.62,3.14,1.66,2.15,1.68,2.22,1.77,2.23,1.67,2.12,-0.5,2.05,1.75,2.09,1.78,2.09,1.84,2.05,1.75
EC,14/09/2021,19:45,Southend,Aldershot,2,3,A,1,1,D,1,5,0,0,2,3.4,3.4,2.05,3.3,3.3,2.05,3.3,3.15,2.11,3.62,3.38,1.85,3.4,3.8,2.05,3.5,3.4,2.12,3.62,3.6,2.05,3.45,3.31,1.8,2,1.91,1.93,1.94,2.02,1.86,1.9,-0.25,1.8,2,1.84,2.02,1.85,2.08,1.79,2,1.95,3.4,3.5,2.05,3.3,3.3,2,3.25,3.4,2.03,3.56,3.67,1.85,3.4,3.8,2,3.4,3.6,2.05,3.6,3.75,1.99,3.44,3.49,2,1.8,2,1.85,2.04,1.88,1.93,1.83,-0.5,2,1.8,2.03,1.83,2.03,1.87,1.98,1.8
EC,18/09/2021,15:00,Bromley,Barnet,2,0,H,1,0,H,0,1,0,0,1.5,4,5.5,1.52,4,5.5,1.53,4.1,5,1.54,4.36,5.5,1.52,3.9,5.25,1.53,4.1,5.25,1.58,4.5,5.75,1.52,4.26,5.21,1.6,2.3,1.61,2.3,1.63,2.38,1.6,2.25,-1,1.9,1.9,1.93,1.88,1.97,1.92,1.91,1.88,1.4,4.2,6.5,1.46,4.2,6.25,1.43,4.5,6,1.44,4.86,6.57,1.52,3.9,5.25,1.4,4.75,6.5,1.53,5,6.75,1.43,4.57,6.13,1.57,2.35,1.57,2.44,1.63,2.55,1.54,2.37,-1,1.68,2.15,1.7,2.2,1.93,2.23,1.73,2.1
EC,18/09/2021,15:00,Grimsby,Eastleigh,2,0,H,1,0,H,1,3,0,0,1.65,3.75,4.75,1.65,3.7,4.75,1.65,3.65,4.6,1.67,3.9,4.86,1.62,3.7,4.75,1.65,3.6,4.8,1.71,4,5,1.66,3.75,4.67,1.95,1.85,1.95,1.85,1.97,1.92,1.9,1.85,-0.75,1.88,1.93,1.88,1.93,1.92,1.96,1.86,1.93,1.95,3.4,3.5,1.88,3.5,3.7,1.97,3.2,3.5,2.03,3.42,3.86,1.62,3.7,4.75,2,3.4,3.6,2.05,3.78,4.81,1.98,3.37,3.61,2.08,1.73,2.07,1.77,2.11,1.91,2,1.76,-0.5,2.02,1.77,2.03,1.83,2.07,1.85,1.99,1.8
EC,18/09/2021,15:00,Halifax,Stockport,3,0,H,1,0,H,0,1,0,0,3.25,3.25,2.1,3.25,3.25,2.1,3.15,3.45,2.05,3.29,3.77,2.05,3.3,3.2,2.05,3.3,3.3,2.05,3.4,3.83,2.14,3.23,3.52,2.05,1.95,1.85,1.93,1.87,2,1.9,1.92,1.83,0.25,1.98,1.83,2.03,1.8,2.03,1.89,1.97,1.81,3.3,3.25,2.15,3.1,3.2,2.2,3.05,3.25,2.15,3.3,3.31,2.28,3.3,3.2,2.05,3.2,3.25,2.2,3.37,3.5,2.43,3.09,3.3,2.21,2.15,1.66,2.25,1.66,2.25,1.86,2.06,1.72,0.25,1.9,1.9,1.9,1.95,2.01,2.01,1.88,1.91
EC,18/09/2021,15:00,Notts County,Maidenhead,1,0,H,0,0,D,3,2,0,0,1.57,3.75,5.5,1.57,3.75,5.5,1.55,3.9,4.9,1.57,4.2,5.33,1.55,3.75,5.25,1.57,3.9,5,1.63,4.33,5.5,1.57,4.05,5.05,1.7,2.1,1.69,2.14,1.74,2.2,1.68,2.1,-1,2.02,1.77,2.03,1.81,2.07,1.86,2.01,1.79,1.57,3.75,6,1.63,3.6,5,1.57,3.9,4.7,1.6,4.29,5.23,1.55,3.75,5.25,1.57,4,5.25,1.64,4.3,6,1.58,4.04,4.97,1.66,2.15,1.69,2.19,1.73,2.2,1.67,2.12,-1,1.98,1.83,2.03,1.83,2.09,1.9,2.02,1.79
EC,18/09/2021,15:00,Solihull,Boreham Wood,3,1,H,2,1,H,0,3,0,0,2.1,3.4,3.1,2.1,3.5,3.1,2.2,3.35,2.85,2.3,3.65,2.88,2.05,3.25,3.3,2.25,3.25,3,2.34,3.7,3.1,2.23,3.44,2.92,1.95,1.85,1.99,1.83,2.02,1.93,1.94,1.81,-0.25,1.95,1.85,2.01,1.82,2.03,1.94,1.95,1.84,2.4,3.4,2.7,2.5,3.4,2.55,2.45,3.05,2.7,2.59,3.22,2.88,2.05,3.25,3.3,2.55,3.2,2.7,2.78,3.55,2.99,2.48,3.21,2.75,2.2,1.65,2.27,1.65,2.27,1.91,2.09,1.7,0,1.8,2,1.83,2.04,2.02,2.2,1.82,2
EC,18/09/2021,15:00,Torquay,Southend,1,0,H,0,0,D,1,3,0,0,2.15,3.4,2.9,2.15,3.5,2.95,2.2,3.35,2.85,2.28,3.57,2.98,2.15,3.4,2.9,2.2,3.4,2.9,2.3,3.61,3,2.21,3.47,2.9,1.8,2,1.81,2,1.83,2.07,1.77,1.98,-0.25,1.93,1.88,1.98,1.84,2,1.93,1.94,1.85,2.15,3.4,2.9,2.15,3.5,2.95,2.25,3.3,2.8,2.35,3.6,2.93,2.15,3.4,2.9,2.25,3.4,3,2.36,3.6,3,2.25,3.46,2.87,1.83,1.98,1.84,2,1.86,2.07,1.79,1.97,-0.25,1.98,1.83,2.04,1.82,2.05,1.88,1.98,1.82
EC,18/09/2021,15:00,Wealdstone,Aldershot,2,2,D,1,0,H,2,2,0,0,2.75,3.25,2.37,2.75,3.3,2.35,2.6,3.45,2.35,2.7,3.77,2.38,2.5,3.1,2.62,2.7,3.3,2.38,2.8,3.82,2.5,2.66,3.53,2.37,1.83,1.98,1.81,2,1.86,2.03,1.81,1.95,0,2.05,1.75,2.04,1.79,2.11,1.84,2.02,1.78,3,3.25,2.2,2.75,3.3,2.35,2.75,3.3,2.3,2.89,3.6,2.38,2.5,3.1,2.62,2.8,3.5,2.3,3,3.65,2.4,2.8,3.46,2.3,1.72,2.07,1.75,2.11,1.87,2.11,1.77,1.99,0.25,1.8,2,1.81,2.07,1.9,2.13,1.8,2.01
EC,18/09/2021,15:00,Wrexham,Dag and Red,1,0,H,1,0,H,0,2,0,0,2,3.5,3.2,2,3.6,3.2,2.1,3.5,3,2.14,3.84,3.05,1.85,3.4,3.75,2.1,3.4,3.1,2.17,3.91,3.4,2.08,3.62,3.08,1.8,2,1.81,2,1.84,2.05,1.78,1.97,-0.25,1.77,2.02,1.88,1.94,1.92,2.02,1.84,1.94,1.9,3.6,3.4,1.82,3.7,3.7,1.97,3.35,3.4,2,3.71,3.62,1.85,3.4,3.75,1.95,3.5,3.6,2.13,3.94,3.7,1.95,3.55,3.5,1.9,1.9,1.93,1.91,1.95,2.03,1.86,1.89,-0.5,1.95,1.85,2,1.85,2.02,1.91,1.95,1.84
EC,18/09/2021,15:00,Yeovil,Chesterfield,0,2,A,0,2,A,1,2,0,0,4,3.5,1.75,4.1,3.6,1.75,3.9,3.45,1.83,4.07,3.7,1.84,,,,,,,4.2,3.76,1.86,4.02,3.6,1.81,1.85,1.95,1.85,1.94,1.9,1.97,1.83,1.91,0.5,,,1.98,1.84,2,1.86,1.95,1.81,3.3,3.4,2,3.9,3.3,1.87,3.5,3.1,2.05,3.82,3.22,2.11,,,,,,,4.07,3.69,2.11,3.59,3.31,2,2,1.8,2.05,1.8,2.05,1.96,1.92,1.83,0.5,1.73,2.08,1.76,2.1,2,2.16,1.77,2.04
EC,18/09/2021,17:20,Weymouth,Dover Athletic,1,1,D,1,1,D,0,0,0,0,1.85,3.5,3.75,1.78,3.3,3.6,1.97,3.45,3.35,1.96,3.78,3.55,1.88,3.3,3.75,1.93,3.4,3.6,2,3.81,3.75,1.93,3.54,3.51,1.85,1.95,1.88,1.93,1.91,1.97,1.85,1.89,-0.5,1.95,1.85,1.96,1.86,1.99,1.91,1.94,1.84,2,3.4,3.4,1.95,3.25,3.1,2.1,3.35,3.15,2.15,3.68,3.24,1.88,3.3,3.75,2.1,3.4,3.25,2.15,3.86,3.5,2.07,3.47,3.22,1.8,2,1.8,2.03,1.9,2.11,1.8,1.96,-0.25,1.83,1.98,1.88,1.98,1.88,2.09,1.82,1.98
EC,21/09/2021,19:45,Dover Athletic,Solihull,0,0,D,0,0,D,1,2,0,0,6.5,4.2,1.5,5.25,4,1.55,5,3.9,1.55,5.76,3.96,1.6,5.5,3.8,1.52,5.75,4,1.53,6.5,4.2,1.61,5.41,3.93,1.56,1.75,2.05,1.79,2.04,1.79,2.11,1.74,2.02,1,1.85,1.95,1.85,2.01,1.92,2.01,1.84,1.94,6.5,4,1.5,5.25,4,1.55,5.25,3.8,1.55,6.21,4.27,1.53,5.5,3.8,1.52,5.75,4,1.55,6.5,4.3,1.62,5.65,4.03,1.53,1.8,2,1.83,2.01,1.86,2.06,1.79,1.97,1,1.98,1.83,1.99,1.87,2.03,2.05,1.9,1.9
EC,25/09/2021,15:00,Aldershot,Halifax,0,1,A,0,1,A,2,3,0,0,2.8,3.5,2.25,,,,2.85,3.35,2.2,3.04,3.67,2.2,2.75,3.25,2.35,2.88,3.4,2.25,3.1,3.7,2.38,2.91,3.49,2.22,1.72,2.07,1.83,1.97,1.85,2.07,1.77,1.97,0.25,1.83,1.98,1.89,1.93,1.89,2.02,1.83,1.95,2.4,3.5,2.6,2.37,3.6,2.55,2.45,3.5,2.45,2.48,3.98,2.56,2.75,3.25,2.35,2.5,3.4,2.6,2.65,3.98,2.64,2.46,3.59,2.52,1.8,2,1.75,2.1,1.83,2.1,1.75,2.01,0,1.85,1.95,1.89,1.95,1.94,2.02,1.88,1.93
EC,25/09/2021,15:00,Altrincham,Notts County,1,0,H,1,0,H,5,3,0,0,4,3.6,1.75,,,,3.65,3.4,1.9,3.8,3.59,1.93,3.9,3.5,1.78,4.1,3.6,1.75,4.1,3.75,1.95,3.72,3.58,1.88,1.7,2.1,1.81,2,1.82,2.1,1.75,2.01,0.5,1.95,1.85,1.88,1.93,2.03,1.93,1.92,1.85,4,3.6,1.75,3.75,3.5,1.85,3.75,3.35,1.85,4.09,3.64,1.89,3.9,3.5,1.78,3.8,3.6,1.87,4.3,3.8,1.94,3.85,3.58,1.85,1.72,2.07,1.78,2.06,1.8,2.12,1.74,2.03,0.5,1.93,1.88,1.95,1.89,1.98,1.93,1.93,1.86
EC,25/09/2021,15:00,Barnet,Weymouth,3,1,H,1,0,H,3,0,0,0,2.1,3.6,2.9,,,,2.15,3.25,3,2.21,3.5,3.15,2.15,3.25,3,2.15,3.4,3,2.23,3.6,3.16,2.16,3.41,3.04,1.8,2,1.88,1.92,1.9,2,1.84,1.91,-0.25,1.9,1.9,1.92,1.9,1.94,1.94,1.89,1.89,2.4,3.6,2.55,2.25,3.5,2.8,2.5,3.25,2.55,2.61,3.56,2.62,2.15,3.25,3,2.4,3.2,2.55,2.62,3.65,2.98,2.45,3.41,2.63,1.95,1.85,1.95,1.88,1.95,1.94,1.87,1.88,0,1.88,1.93,1.93,1.93,1.95,2.14,1.86,1.96
EC,25/09/2021,15:00,Boreham Wood,Yeovil,2,1,H,1,1,D,2,0,0,1,1.7,3.5,4.5,,,,1.75,3.5,4.1,1.79,3.74,4.3,1.7,3.4,4.5,1.7,3.6,4.5,1.81,3.85,4.5,1.75,3.62,4.24,1.95,1.85,1.92,1.88,1.95,1.94,1.88,1.87,-0.75,1.98,1.83,2.04,1.78,2.05,1.86,1.98,1.81,1.7,3.5,4.5,1.75,3.75,4,1.8,3.5,3.95,1.83,3.8,4.19,1.7,3.4,4.5,1.75,3.6,4.4,1.85,3.8,4.5,1.77,3.63,4.11,1.95,1.85,1.93,1.91,1.95,1.94,1.88,1.87,-0.75,2,1.8,2.1,1.77,2.1,1.86,2.01,1.8
EC,25/09/2021,15:00,Dag and Red,Solihull,5,1,H,2,1,H,3,3,0,0,2.1,3.6,2.9,,,,2.2,3.2,3,2.25,3.37,3.18,2.05,3.3,3.2,2.15,3.4,3,2.27,3.62,3.21,2.19,3.39,3.03,1.8,2,1.83,1.97,1.86,2.08,1.79,1.97,-0.25,1.93,1.88,1.94,1.88,1.96,1.92,1.91,1.88,1.85,3.8,3.4,1.93,3.7,3.3,1.95,3.4,3.45,1.96,3.73,3.73,2.05,3.3,3.2,1.91,3.4,3.4,2.15,3.81,3.85,1.95,3.55,3.46,1.8,2,1.88,1.95,1.89,2.01,1.83,1.93,-0.5,1.95,1.85,1.96,1.89,2.02,1.9,1.96,1.85
EC,25/09/2021,15:00,Dover Athletic,Bromley,0,1,A,0,1,A,3,3,0,0,3.8,3.6,1.8,,,,3.75,3.4,1.9,4,3.59,1.88,4,3.6,1.75,3.9,3.6,1.8,4.1,3.74,1.9,3.79,3.56,1.85,1.8,2,1.82,1.99,1.84,2.04,1.78,1.97,0.5,1.95,1.85,1.93,1.88,1.98,1.88,1.93,1.85,4.2,3.6,1.7,4.5,3.7,1.68,4.2,3.65,1.7,4.63,3.99,1.72,4,3.6,1.75,4.1,3.6,1.8,4.69,4.01,1.8,4.22,3.71,1.73,1.75,2.05,1.77,2.07,1.82,2.1,1.76,2,0.75,1.88,1.93,1.92,1.93,1.96,2.03,1.86,1.94
EC,25/09/2021,15:00,Eastleigh,Woking,3,2,H,1,2,A,2,4,0,0,2.1,3.5,3,,,,2.1,3.25,3.05,2.21,3.45,3.2,2.15,3.25,3.1,2.15,3.4,3,2.25,3.62,3.21,2.16,3.4,3.07,1.9,1.9,1.92,1.88,1.93,1.98,1.87,1.88,-0.25,1.9,1.9,1.91,1.91,1.94,1.94,1.89,1.89,2.62,3.5,2.45,2.2,3.5,2.8,2.5,3.25,2.5,2.75,3.62,2.47,2.15,3.25,3.1,2.4,3.4,2.75,2.75,3.63,3.05,2.45,3.41,2.65,1.8,2,1.81,2.03,1.95,2.05,1.82,1.93,0,1.95,1.85,2.03,1.83,2.03,2.07,1.87,1.95
EC,25/09/2021,15:00,King’s Lynn,Wealdstone,0,1,A,0,1,A,1,1,0,1,1.95,3.4,3.5,,,,2,3.45,3.25,2.01,3.75,3.42,2,3.25,3.4,2,3.5,3.3,2.04,3.76,3.5,2,3.58,3.3,1.72,2.07,1.68,2.18,1.76,2.2,1.69,2.09,-0.5,2,1.8,2.01,1.82,2.03,1.82,1.99,1.79,2,3.4,3.5,,,,2,3.55,3.05,2.06,3.95,3.27,2,3.25,3.4,2.05,3.6,3.25,2.16,3.95,3.5,2.07,3.62,3.13,1.7,2.1,1.68,2.21,1.71,2.23,1.67,2.13,-0.25,1.77,2.02,1.81,2.05,1.89,2.05,1.82,1.99
EC,25/09/2021,15:00,Maidenhead,Grimsby,1,1,D,0,0,D,1,1,0,0,2.75,3.5,2.25,,,,2.8,3.15,2.3,2.96,3.38,2.37,2.8,3.25,2.3,2.8,3.4,2.3,2.97,3.54,2.41,2.81,3.36,2.32,1.72,2.07,1.83,1.98,1.85,2.07,1.79,1.96,0.25,1.77,2.02,1.79,2.05,1.8,2.06,1.77,2.02,4.5,3.75,1.61,4.2,3.6,1.75,4.4,3.6,1.67,5.05,4.04,1.66,2.8,3.25,2.3,4,3.5,1.7,5.05,4.04,2.25,4.42,3.73,1.71,1.85,1.95,1.86,1.97,1.97,1.98,1.86,1.89,0.75,1.93,1.88,2,1.85,2,2.3,1.88,1.92
EC,25/09/2021,15:00,Stockport,Wrexham,2,1,H,0,1,A,4,2,0,0,2.45,3.25,2.7,,,,2.45,3.05,2.7,2.58,3.26,2.77,2.5,3,2.75,2.5,3.1,2.75,2.6,3.29,2.85,2.49,3.18,2.73,2.2,1.65,2.23,1.65,2.28,1.68,2.2,1.62,0,1.83,1.98,1.84,1.98,1.86,2.05,1.82,1.97,2.8,3.25,2.3,2.8,3.25,2.35,2.95,3.05,2.3,3.16,3.29,2.36,2.5,3,2.75,3,3.13,2.38,3.18,3.29,2.65,2.9,3.18,2.38,2.25,1.61,2.3,1.63,2.31,1.67,2.23,1.61,0.25,1.83,1.98,1.84,2.02,1.88,2.22,1.77,2.06
EC,25/09/2021,17:20,Chesterfield,Torquay,2,2,D,0,0,D,1,1,0,0,1.66,3.6,4.5,,,,1.7,3.6,4.2,1.71,3.76,4.4,1.7,3.5,4.33,1.7,3.7,4.33,1.78,4,4.6,1.73,3.72,4.26,1.8,2,1.83,1.98,1.86,2.02,1.8,1.96,-0.75,1.95,1.85,1.97,1.85,1.99,1.89,1.95,1.84,1.65,3.5,5.25,1.71,3.6,4.33,1.7,3.6,4.3,1.74,3.78,4.82,1.7,3.5,4.33,1.7,3.7,4.6,1.8,4.04,5.25,1.71,3.68,4.52,2,1.8,2.01,1.83,2.02,2.12,1.88,1.88,-0.75,1.93,1.88,1.97,1.88,2,1.98,1.92,1.87
EC,28/09/2021,19:45,Altrincham,King’s Lynn,4,1,H,1,0,H,0,3,0,0,1.9,3.5,3.6,,,,1.95,3.35,3.6,1.95,3.58,3.91,1.88,3.4,3.6,1.93,3.6,3.6,2.03,3.74,3.91,1.94,3.53,3.6,1.75,2.05,1.83,2.02,1.83,2.14,1.74,2.04,-0.5,2.02,1.77,1.95,1.89,2.09,1.9,1.96,1.84,1.9,3.5,3.75,,,,1.95,3.35,3.6,1.92,3.65,3.97,1.85,3.4,3.75,1.93,3.6,3.6,1.98,3.77,3.97,1.92,3.54,3.65,1.8,2,1.84,2,1.84,2.11,1.78,1.98,-0.5,1.9,1.9,1.92,1.93,1.98,1.97,1.91,1.89
EC,28/09/2021,19:45,Bromley,Grimsby,3,1,H,0,1,A,2,1,0,1,2.4,3.3,2.62,2.45,3.3,2.6,2.4,3.1,2.7,2.51,3.36,2.87,2.37,3.25,2.7,2.45,3.3,2.75,2.55,3.48,2.87,2.45,3.27,2.74,1.93,1.88,1.89,1.94,2,1.97,1.87,1.88,0,1.8,2,1.8,2.07,1.87,2.08,1.79,2.02,2.5,3.3,2.45,2.7,3.3,2.37,2.6,3.15,2.5,2.64,3.46,2.66,2.55,3.2,2.5,2.6,3.4,2.5,2.7,3.48,2.68,2.59,3.31,2.54,1.85,1.95,1.88,1.95,1.91,1.99,1.85,1.9,0,1.88,1.93,1.92,1.93,1.99,2,1.9,1.92
EC,28/09/2021,19:45,Woking,Chesterfield,3,1,H,0,1,A,1,5,0,0,3.1,3.5,2.15,3.3,3.5,2,3.15,3.3,2.1,3.36,3.54,2.15,3.2,3.25,2.1,3.2,3.5,2.1,3.36,3.56,2.19,3.19,3.42,2.1,1.85,1.95,1.88,1.96,1.89,2.02,1.83,1.93,0.25,1.93,1.88,2,1.86,2,1.92,1.94,1.86,3.6,3.5,2,3.2,3.5,2.05,3.1,3.45,2.05,3.25,3.74,2.13,3,3.25,2.2,3.2,3.5,2.1,3.6,3.74,2.2,3.18,3.52,2.08,1.72,2.07,1.76,2.08,1.8,2.11,1.74,2.02,0.25,1.98,1.83,2,1.85,2.06,1.92,1.97,1.83
EC,2/10/2021,15:00,Barnet,Halifax,0,0,D,0,0,D,1,0,0,0,3.6,3.5,2,,,,3.2,3.3,2.05,3.4,3.56,2.08,3.3,3.4,2,3.3,3.5,2,3.6,3.68,2.1,3.31,3.49,2.04,1.7,2.1,1.72,2.1,1.76,2.15,1.7,2.08,0.25,2.02,1.77,2.03,1.81,2.05,1.81,2.01,1.78,3.25,3.4,2.15,3.25,3.6,1.98,3,3.3,2.15,3.24,3.65,2.16,3.4,3.3,2,3.13,3.6,2.1,3.3,3.75,2.28,3.1,3.49,2.13,1.8,2,1.8,2.03,1.86,2.14,1.74,2.03,0.25,1.93,1.88,1.97,1.88,2.01,1.98,1.93,1.88
EC,2/10/2021,15:00,Dag and Red,Altrincham,2,3,A,2,1,H,0,1,0,0,1.55,4,6,,,,1.55,3.85,5,1.56,4.14,5.57,1.6,3.6,5,1.57,3.8,5.25,1.62,4.2,6,1.56,4.01,5.3,1.75,2.05,1.74,2.08,1.83,2.12,1.73,2.04,-1,1.95,1.85,1.97,1.85,2.01,1.9,1.94,1.85,1.45,4.2,7,1.47,4.2,6,1.45,4.2,6,1.48,4.47,6.6,1.53,3.8,5.5,1.5,4.1,6,1.52,4.51,7,1.46,4.33,6.09,1.7,2.1,1.7,2.18,1.77,2.2,1.7,2.09,-1,1.77,2.02,1.82,2.05,1.86,2.11,1.79,2.03
EC,2/10/2021,15:00,Grimsby,Dover Athletic,6,0,H,5,0,H,0,3,0,0,1.4,4.33,7.5,,,,1.45,4.1,6,1.44,4.38,7.07,1.38,4.2,7.5,1.4,4.33,7,1.45,4.8,7.8,1.41,4.47,6.84,1.72,2.07,1.74,2.08,1.76,2.15,1.71,2.06,-1.25,2.02,1.77,2.06,1.78,2.06,1.89,1.99,1.81,1.4,4.33,7.5,1.42,4.5,6.5,1.43,4.2,6.25,1.43,4.61,7.32,1.4,4.2,7,1.4,4.6,7,1.45,4.68,7.5,1.42,4.46,6.62,1.66,2.15,1.68,2.22,1.74,2.23,1.66,2.15,-1.25,1.95,1.85,1.98,1.88,2.03,1.92,1.97,1.85
EC,2/10/2021,15:00,Maidenhead,King’s Lynn,2,3,A,1,0,H,1,2,0,0,2.05,3.4,3.5,,,,2.1,3.4,3.15,2.08,3.65,3.3,2,3.5,3.2,2.05,3.5,3.13,2.12,3.75,3.5,2.06,3.57,3.2,1.7,2.1,1.69,2.15,1.74,2.2,1.67,2.12,-0.25,1.8,2,1.82,2.01,1.85,2.03,1.8,1.99,2.2,3.6,2.9,,,,2.25,3.45,2.65,2.4,3.71,2.8,2.1,3.3,3.1,2.2,3.6,2.9,2.4,3.78,3.1,2.25,3.57,2.82,1.65,2.2,1.7,2.18,1.7,2.28,1.64,2.18,-0.25,2,1.8,2.08,1.78,2.09,1.94,1.99,1.83
EC,2/10/2021,15:00,Notts County,Woking,1,4,A,1,0,H,3,0,0,0,1.9,3.5,4,,,,1.95,3.25,3.65,1.98,3.44,3.82,1.83,3.4,3.9,1.9,3.5,3.6,2,3.75,4,1.94,3.46,3.67,1.8,2,1.81,2.01,1.84,2.05,1.77,1.98,-0.5,1.93,1.88,1.98,1.84,2,1.96,1.93,1.86,1.95,3.4,3.75,2,3.4,3.4,2,3.35,3.35,2.1,3.65,3.39,1.95,3.3,3.5,1.93,3.6,3.6,2.1,3.68,3.75,1.97,3.53,3.46,1.72,2.07,1.76,2.09,1.8,2.1,1.74,2.02,-0.5,1.98,1.83,2.09,1.78,2.09,1.93,1.98,1.83
EC,2/10/2021,15:00,Solihull,Southend,2,0,H,1,0,H,4,3,0,0,2,3.5,3.6,,,,1.9,3.4,3.5,1.91,3.65,3.84,1.91,3.3,3.6,1.95,3.4,3.5,2.04,3.74,3.86,1.94,3.54,3.59,1.9,1.9,1.88,1.92,1.93,1.94,1.87,1.88,-0.5,1.98,1.83,1.91,1.91,2.04,1.91,1.96,1.84,2.05,3.5,3.4,1.93,3.5,3.5,2.1,3.25,3.1,2.17,3.51,3.34,1.9,3.3,3.7,2.1,3.4,3.3,2.19,3.56,3.56,2.06,3.43,3.3,1.9,1.9,1.93,1.91,1.95,1.93,1.88,1.87,-0.25,1.88,1.93,1.88,1.98,1.94,2.12,1.83,1.99
EC,2/10/2021,15:00,Torquay,Wealdstone,5,0,H,4,0,H,0,1,0,0,1.7,4,4.33,,,,1.73,3.55,4.2,1.71,3.89,4.56,1.75,3.4,4.2,1.67,3.8,4.4,1.84,4,4.6,1.72,3.77,4.3,1.7,2.1,1.69,2.14,1.82,2.17,1.7,2.09,-0.75,1.9,1.9,1.93,1.89,1.95,1.95,1.9,1.89,1.5,4,6.5,1.53,4.33,4.8,1.5,4.1,5.25,1.52,4.7,5.59,1.66,3.6,4.5,1.53,4.1,5.5,1.6,4.7,6.5,1.52,4.26,5.29,1.57,2.35,1.57,2.43,1.7,2.43,1.62,2.22,-1,1.83,1.98,1.87,1.98,1.98,2.01,1.88,1.93
EC,2/10/2021,15:00,Weymouth,Stockport,1,2,A,1,0,H,5,2,0,0,5.5,4,1.57,,,,4.7,3.8,1.63,5.02,3.92,1.65,5,3.6,1.6,5,3.9,1.57,5.5,4,1.68,4.9,3.9,1.62,1.7,2.1,1.84,1.97,1.85,2.1,1.78,1.97,1,1.8,2,1.74,2.1,1.82,2.14,1.76,2.05,5,3.75,1.66,5,3.9,1.6,4.4,3.65,1.67,4.67,4.01,1.71,5,3.6,1.6,5.25,4,1.57,5.25,4.03,1.72,4.62,3.84,1.66,1.8,2,1.81,2.02,1.85,2.12,1.78,1.98,0.75,1.93,1.88,1.94,1.91,2.11,1.94,1.94,1.86
EC,2/10/2021,17:20,Eastleigh,Boreham Wood,1,1,D,1,1,D,2,2,0,0,2.9,3.4,2.3,,,,2.65,3.4,2.3,2.8,3.64,2.36,2.55,3.25,2.5,2.6,3.4,2.45,2.9,3.77,2.63,2.68,3.51,2.38,1.72,2.07,1.72,2.1,1.78,2.2,1.71,2.07,0,2.1,1.7,2.08,1.75,2.1,1.89,2.03,1.77,3.3,3.5,2.1,3,3.4,2.15,3.15,3.25,2.05,3.44,3.41,2.17,2.7,3.3,2.37,3.3,3.4,2.1,3.44,3.83,2.31,3.19,3.38,2.13,2.1,1.7,2.15,1.71,2.18,2.04,1.97,1.79,0.25,1.98,1.83,1.99,1.87,2.04,2,1.92,1.87
EC,5/10/2021,19:45,Altrincham,Grimsby,2,3,A,0,1,A,2,1,0,1,3.25,3.4,2.2,2.87,3.3,2.25,2.85,3.2,2.25,3.01,3.47,2.36,2.87,3.2,2.3,2.9,3.3,2.25,3.25,3.5,2.39,2.92,3.35,2.29,1.85,1.95,1.89,1.94,1.93,1.95,1.86,1.89,0.25,1.83,1.98,1.83,2.04,1.88,2.05,1.81,1.99,2.9,3.4,2.37,3.1,3.25,2.15,2.85,3.15,2.3,3.02,3.36,2.41,3,3.2,2.2,2.88,3.4,2.3,3.1,3.54,2.45,2.91,3.3,2.32,1.77,2.02,1.81,2.03,1.86,2.07,1.79,1.96,0.25,1.8,2,1.8,2.07,1.83,2.09,1.79,2.01
EC,5/10/2021,19:45,Boreham Wood,Torquay,2,0,H,1,0,H,0,0,0,0,2.1,3.5,3.3,2.1,3.25,3.2,2.15,3.3,2.95,2.24,3.59,3.13,2.1,3.3,3.1,2.15,3.4,3,2.25,3.59,3.3,2.17,3.44,3.05,1.8,2,1.83,2.02,1.85,2.03,1.8,1.96,-0.25,1.9,1.9,1.94,1.91,1.95,1.95,1.9,1.89,2.4,3.4,2.87,2.25,3.4,2.87,2.35,3.2,2.75,2.47,3.35,2.93,2.15,3.3,3,2.38,3.4,2.8,2.5,3.46,2.96,2.38,3.28,2.85,1.88,1.93,1.92,1.92,2.03,2.2,1.89,1.87,-0.25,2.08,1.73,2.12,1.75,2.13,1.83,2.06,1.75
EC,5/10/2021,19:45,Bromley,Weymouth,3,0,H,2,0,H,0,0,0,0,1.5,4,6.5,1.55,3.75,5.75,1.53,4,5,1.55,4.34,5.74,1.5,3.9,5.5,1.5,4.1,5.5,1.57,4.5,6.5,1.52,4.2,5.41,1.65,2.2,1.64,2.29,1.68,2.32,1.61,2.23,-1,1.9,1.9,1.97,1.88,1.97,2,1.9,1.91,1.33,4.5,8,1.37,4.6,7.25,1.35,4.7,6.75,1.4,4.95,7.35,1.44,4.2,6,1.33,5,8,1.41,5.5,8.25,1.36,4.96,7.15,1.47,2.6,1.51,2.58,1.51,2.67,1.47,2.54,-1.5,1.93,1.88,2.09,1.78,2.09,1.9,1.99,1.82
EC,5/10/2021,19:45,Dover Athletic,Aldershot,1,2,A,0,1,A,0,2,0,0,3.25,3.4,2.15,3.1,3.4,2.1,2.85,3.45,2.15,3.08,3.84,2.18,2.87,3.25,2.2,2.63,3.5,2.38,3.25,3.84,2.3,2.95,3.57,2.18,1.7,2.1,1.69,2.18,1.73,2.2,1.68,2.12,0.25,1.9,1.9,1.94,1.91,1.96,2.02,1.87,1.92,4,3.5,1.83,3.6,3.4,1.9,3.45,3.45,1.95,3.88,3.96,1.86,3.3,3.5,1.91,2.63,3.5,2.38,4,3.96,1.98,3.59,3.65,1.9,1.72,2.07,1.73,2.13,1.85,2.13,1.74,2.04,0.5,1.93,1.88,1.99,1.86,1.99,1.96,1.9,1.9
EC,5/10/2021,19:45,Halifax,Notts County,3,2,H,0,1,A,3,2,1,0,3.4,3.5,2.1,3.1,3.3,2.15,2.95,3.45,2.15,3.1,3.81,2.12,3.1,3.3,2.1,3,3.5,2.1,3.4,3.85,2.21,3.06,3.54,2.13,1.72,2.07,1.75,2.06,1.81,2.08,1.74,2.02,0.25,1.95,1.85,1.97,1.88,1.99,1.92,1.92,1.87,3,3.5,2.25,2.95,3.25,2.25,2.85,3.2,2.25,3.04,3.64,2.27,3.1,3.25,2.15,3,3.4,2.25,3.1,3.64,2.36,2.96,3.41,2.23,1.83,1.98,1.76,2.09,1.92,2.09,1.83,1.92,0.25,1.85,1.95,1.88,1.97,1.91,2.02,1.84,1.95
EC,5/10/2021,19:45,King’s Lynn,Barnet,1,1,D,1,1,D,1,1,0,0,1.95,3.4,3.8,,,,1.95,3.5,3.3,1.97,3.93,3.52,1.91,3.5,3.4,1.93,3.5,3.5,2.02,3.93,3.8,1.96,3.65,3.41,1.72,2.07,1.74,2.13,1.77,2.14,1.71,2.08,-0.5,1.95,1.85,1.97,1.88,1.99,1.91,1.95,1.84,1.95,3.6,3.75,,,,1.97,3.4,3.35,1.98,3.75,3.63,1.75,3.6,4,1.93,3.7,3.5,2.05,3.85,3.78,1.93,3.63,3.5,1.61,2.25,1.63,2.32,1.68,2.32,1.62,2.2,-0.5,1.98,1.83,1.98,1.87,2.04,1.9,1.95,1.84
EC,5/10/2021,19:45,Southend,Eastleigh,1,0,H,0,0,D,1,3,0,0,2.75,3.5,2.5,2.65,3.25,2.45,2.7,3.1,2.45,2.83,3.36,2.47,2.62,3.1,2.5,2.7,3.25,2.45,2.85,3.5,2.55,2.73,3.29,2.45,2,1.8,1.98,1.85,2,1.89,1.94,1.81,0,2,1.8,2.07,1.8,2.11,1.86,2.01,1.8,2.7,3.5,2.55,2.55,3.2,2.6,2.6,3.05,2.55,2.77,3.26,2.66,2.9,3.1,2.3,2.75,3.2,2.5,2.9,3.5,2.71,2.67,3.2,2.56,2.1,1.7,2.16,1.71,2.16,1.79,2.07,1.71,0,1.95,1.85,1.97,1.88,2.05,1.92,1.96,1.84
EC,5/10/2021,19:45,Wealdstone,Solihull,0,0,D,0,0,D,1,0,0,0,3.8,3.5,1.95,3.9,3.3,1.88,3.8,3.2,1.9,4.17,3.5,1.92,3.9,3.2,1.88,3.6,3.3,1.95,4.2,3.54,1.98,3.83,3.38,1.91,2,1.8,2.02,1.82,2.06,1.83,2,1.77,0.5,1.88,1.93,1.93,1.92,1.96,1.99,1.88,1.91,4.75,3.6,1.75,4.8,3.7,1.65,4,3.55,1.73,4.31,3.98,1.77,4.4,3.5,1.7,4.6,3.7,1.7,4.8,3.98,1.84,4.17,3.73,1.76,1.72,2.07,1.72,2.14,1.87,2.14,1.78,1.99,0.75,1.83,1.98,1.85,2,1.87,2.1,1.81,1.99
EC,5/10/2021,19:45,Woking,Dag and Red,1,0,H,1,0,H,1,3,0,0,3.4,3.5,2.1,3.2,3.4,2.05,3,3.4,2.15,3.13,3.76,2.18,3.1,3.3,2.1,3,3.5,2.1,3.4,3.76,2.18,3.08,3.53,2.13,1.7,2.1,1.71,2.16,1.74,2.18,1.69,2.11,0.25,1.95,1.85,1.95,1.9,2,1.92,1.93,1.87,3.1,3.6,2.15,3.2,3.5,2.05,2.95,3.3,2.15,3.13,3.49,2.28,3.1,3.3,2.1,3,3.6,2.15,3.2,3.74,2.28,3.01,3.47,2.19,1.66,2.15,1.71,2.15,1.73,2.43,1.65,2.16,0.25,1.88,1.93,1.88,1.97,1.94,1.98,1.88,1.91
EC,5/10/2021,19:45,Wrexham,Chesterfield,1,1,D,0,1,A,0,3,0,0,2,3.5,3.6,2,3.3,3.5,2.1,3.15,3.35,2.13,3.32,3.63,2.05,3.3,3.25,2,3.4,3.3,2.13,3.6,3.63,2.06,3.36,3.39,1.8,2,1.87,1.97,1.87,2.03,1.81,1.96,-0.25,1.77,2.02,1.83,2.03,1.83,2.1,1.79,2.01,2.1,3.25,3.5,2.15,3.1,3.3,2.2,2.9,3.35,2.33,2.99,3.56,2.1,3.1,3.3,2.15,3.25,3.3,2.35,3.37,3.62,2.2,3.07,3.37,2.15,1.66,2.28,1.65,2.28,1.74,2.16,1.65,-0.25,1.88,1.93,1.96,1.89,1.96,1.99,1.88,1.92
EC,5/10/2021,19:45,Yeovil,Maidenhead,0,0,D,0,0,D,2,3,0,1,1.9,3.5,3.8,1.9,3.75,3.4,1.9,3.5,3.55,1.88,3.87,3.89,1.91,3.5,3.4,2.1,3.4,3.1,2.1,3.87,3.89,1.9,3.63,3.62,1.8,2,1.82,2.03,1.84,2.04,1.8,1.96,-0.5,1.88,1.93,1.88,1.97,2.11,1.99,1.9,1.89,1.65,3.6,4.75,1.58,4,4.8,1.63,3.7,4.5,1.68,4.04,4.89,1.62,3.75,4.6,1.62,3.9,5,1.7,4.05,5,1.64,3.89,4.69,1.72,2.07,1.75,2.11,1.82,2.14,1.74,2.03,-0.75,1.85,1.95,1.88,1.98,1.92,2.06,1.83,1.97
EC,9/10/2021,15:00,Altrincham,Maidenhead,2,0,H,0,0,D,0,2,0,0,1.9,3.5,3.6,1.9,3.5,3.7,1.95,3.35,3.55,1.96,3.59,3.71,1.9,3.3,3.6,1.93,3.4,3.6,2,3.62,3.85,1.95,3.49,3.55,1.95,1.85,1.9,1.9,1.95,1.94,1.89,1.87,-0.5,1.95,1.85,1.96,1.86,1.99,1.91,1.96,1.85,1.83,3.5,4,1.93,3.5,3.5,1.9,3.35,3.75,1.88,3.64,4.17,1.9,3.25,3.7,1.9,3.5,3.8,2.05,3.68,4.18,1.9,3.52,3.73,1.85,1.95,1.89,1.94,1.93,2,1.85,1.91,-0.5,1.88,1.93,1.88,1.97,2.08,1.98,1.91,1.9
EC,9/10/2021,15:00,Boreham Wood,Dag and Red,2,0,H,0,0,D,0,0,0,0,2.6,3.4,2.37,2.75,3.4,2.35,2.75,3.25,2.35,2.87,3.5,2.38,2.7,3.2,2.37,2.8,3.4,2.3,2.87,3.5,2.41,2.76,3.39,2.35,1.9,1.9,1.88,1.93,1.93,1.99,1.86,1.9,0.25,1.77,2.02,1.78,2.06,1.8,2.07,1.77,2.05,2.7,3.4,2.3,2.75,3.4,2.35,2.7,3.05,2.45,2.85,3.17,2.64,3,3.2,2.2,2.75,3.3,2.45,3,3.4,2.64,2.74,3.23,2.46,2.15,1.66,2.15,1.72,2.15,1.9,2,1.78,0,1.98,1.83,2,1.85,2.11,1.88,2.01,1.81
EC,9/10/2021,15:00,Bromley,Torquay,2,0,H,2,0,H,0,2,0,0,2.3,3.4,2.75,2.3,3.4,2.75,2.4,3.1,2.75,2.48,3.29,2.87,2.37,3.2,2.7,2.38,3.3,2.7,2.48,3.52,2.95,2.36,3.33,2.79,1.8,2,1.81,2,1.85,2.04,1.8,1.96,0,1.75,2.05,1.78,2.06,1.81,2.1,1.77,2.06,2,3.4,3.25,2,3.7,3.1,2,3.55,3.2,2.01,3.91,3.43,2.4,3.2,2.7,2.05,3.6,3.2,2.14,3.91,3.43,2.01,3.65,3.23,1.61,2.25,1.64,2.29,1.68,2.3,1.63,2.19,-0.25,1.85,1.95,1.76,2.11,1.88,2.12,1.79,2.03
EC,9/10/2021,15:00,Dover Athletic,Barnet,1,2,A,0,1,A,2,2,0,0,2.4,3.4,2.62,2.4,3.3,2.7,2.5,3.15,2.6,2.52,3.36,2.77,2.5,3.1,2.62,2.5,3.25,2.63,2.63,3.5,2.77,2.48,3.28,2.68,1.95,1.85,1.94,1.85,2.04,1.89,1.94,1.82,0,1.83,1.98,1.82,2,1.9,2,1.85,1.98,3.3,3.6,2.1,3,3.4,2.15,2.95,3.4,2.1,3.14,3.66,2.21,2.5,3.1,2.62,3,3.4,2.1,3.44,3.75,2.3,3.03,3.47,2.17,1.8,2,1.81,2.04,1.92,2.04,1.84,1.91,0.25,1.95,1.85,1.93,1.92,2.03,2.01,1.91,1.9
EC,9/10/2021,15:00,Halifax,Weymouth,2,0,H,1,0,H,2,2,0,0,1.57,3.75,5.25,1.61,3.7,5,1.6,3.8,4.7,1.61,4.13,5.09,1.6,3.7,4.8,1.62,3.75,4.8,1.68,4.13,5.25,1.62,3.9,4.82,1.8,2,1.81,2.01,1.84,2.04,1.8,1.96,-0.75,1.8,2,1.79,2.04,1.88,2.08,1.82,2,1.55,3.75,6,1.52,4.5,4.8,1.53,4.1,5,1.52,4.72,5.55,1.55,3.9,5,1.5,4.2,5.75,1.56,4.9,6.1,1.51,4.36,5.36,1.65,2.2,1.62,2.33,1.69,2.33,1.64,2.18,-1,1.93,1.88,1.91,1.94,1.96,2.14,1.89,1.92
EC,9/10/2021,15:00,King’s Lynn,Solihull,0,1,A,0,0,D,3,3,0,0,3.2,3.6,2,,,,3.1,3.35,2.1,3.28,3.52,2.14,3.2,3.3,2.05,3.13,3.5,2.05,3.4,3.63,2.15,3.19,3.49,2.07,1.72,2.07,1.76,2.05,1.79,2.11,1.73,2.04,0.25,1.98,1.83,1.96,1.85,2.02,1.85,1.97,1.83,3.25,3.75,1.95,,,,3.05,3.35,2.1,3.23,3.67,2.16,3.1,3.3,2.1,3.4,3.6,2,3.4,3.75,2.17,3.2,3.56,2.06,1.72,2.07,1.74,2.11,1.77,2.15,1.71,2.07,0.25,1.98,1.83,1.97,1.88,2.05,1.89,1.99,1.82
EC,9/10/2021,15:00,Southend,Chesterfield,0,4,A,0,2,A,0,0,0,0,3,3.6,2.05,3.2,3.25,2.1,3.25,3.1,2.1,3.42,3.31,2.17,3.2,3.1,2.15,3.2,3.2,2.15,3.43,3.6,2.24,3.23,3.28,2.14,2.05,1.75,2.06,1.75,2.1,1.8,2.04,1.73,0.25,1.93,1.88,1.96,1.86,1.99,1.94,1.92,1.88,3.2,3.6,2,3.5,3.2,2,3.5,3.05,2.05,3.6,3.17,2.21,3.25,3.1,2.15,3.6,3.25,2.05,3.75,3.6,2.21,3.44,3.21,2.1,2.2,1.65,2.23,1.67,2.32,1.73,2.16,1.65,0.25,1.95,1.85,1.97,1.88,2.05,1.89,1.99,1.82
EC,9/10/2021,15:00,Stockport,Aldershot,1,0,H,1,0,H,1,0,0,0,1.57,4,5,1.58,3.9,5.25,1.6,3.65,4.9,1.63,3.87,5.35,1.53,3.9,5.25,1.6,3.75,5,1.64,4.2,5.5,1.59,3.93,5.03,1.8,2,1.84,1.96,1.87,2.01,1.81,1.94,-1,2,1.8,2.13,1.72,2.13,1.85,2.07,1.76,1.72,4,4.33,1.75,3.8,3.9,1.73,3.5,4.2,1.78,3.74,4.57,1.61,3.7,4.75,1.73,3.6,4.5,1.82,4,5,1.74,3.63,4.38,1.95,1.85,1.97,1.86,2.01,1.98,1.88,1.88,-0.75,1.98,1.83,2.03,1.83,2.06,1.89,2,1.82
EC,9/10/2021,15:00,Wealdstone,Eastleigh,1,2,A,0,1,A,1,1,0,0,3,3.3,2.2,2.87,3.4,2.2,2.85,3.3,2.25,2.98,3.57,2.28,2.8,3.3,2.25,2.8,3.5,2.25,3,3.68,2.3,2.88,3.48,2.23,1.65,2.2,1.65,2.22,1.69,2.27,1.63,2.19,0.25,1.83,1.98,1.84,1.98,1.85,1.99,1.83,1.98,3.4,3.4,2.05,3.1,3.3,2.1,3.25,3.2,2.05,3.48,3.53,2.11,2.87,3.4,2.2,3.2,3.4,2.15,3.48,3.55,2.23,3.23,3.39,2.11,2,1.8,2,1.84,2.06,2.06,1.92,1.84,0.25,2.02,1.77,2.04,1.83,2.06,1.88,1.98,1.83
EC,9/10/2021,15:00,Woking,Grimsby,0,1,A,0,0,D,1,1,0,0,2.8,3.6,2.15,2.85,3.5,2.2,2.75,3.3,2.25,2.86,3.55,2.36,2.87,3.5,2.15,2.88,3.5,2.2,3,3.6,2.39,2.82,3.49,2.26,1.7,2.1,1.76,2.05,1.76,2.23,1.68,2.1,0.25,1.8,2,1.78,2.05,1.89,2.06,1.82,1.99,2.5,3.6,2.45,2.55,3.3,2.5,2.55,3.2,2.5,2.66,3.52,2.6,2.6,3.3,2.4,2.63,3.4,2.5,2.74,3.6,2.9,2.58,3.39,2.52,1.8,2,1.84,2,1.87,2.2,1.77,2,0,1.93,1.88,1.95,1.9,1.99,1.92,1.95,1.87
EC,9/10/2021,15:00,Yeovil,Notts County,0,2,A,0,1,A,1,5,0,0,3.3,3.5,2.1,3.25,3.5,2,3.25,3.3,2,3.51,3.51,2.05,3.2,3.25,2.1,3.2,3.4,2.05,3.51,3.58,2.17,3.28,3.44,2.06,1.85,1.95,1.83,1.98,1.88,2.01,1.82,1.95,0.25,1.93,1.88,2.05,1.77,2.05,1.88,1.99,1.82,3.3,3.5,2.1,3.25,3.5,2,3.05,3.2,2.15,3.26,3.39,2.26,3.1,3.2,2.15,3.1,3.5,2.15,3.3,3.55,2.26,3.11,3.4,2.16,1.85,1.95,1.88,1.96,1.91,2.04,1.81,1.95,0.25,1.93,1.88,1.91,1.94,2,1.97,1.91,1.9
EC,12/10/2021,19:45,Yeovil,Altrincham,1,1,D,0,0,D,1,3,0,0,2.15,3.4,3.1,2.15,3.5,2.95,2.2,3.35,2.85,2.29,3.68,2.98,2.2,3.3,2.9,2.25,3.4,3,2.35,3.72,3.15,2.21,3.48,2.95,1.88,1.93,1.86,1.97,1.91,2,1.83,1.92,-0.25,1.95,1.85,1.99,1.86,2.04,1.93,1.94,1.85,2.15,3.5,2.9,2.25,3.5,2.8,2.15,3.35,2.95,2.23,3.65,3.11,2.2,3.3,2.9,2.2,3.4,3,2.48,3.65,3.11,2.24,3.44,2.93,1.8,2,1.86,1.98,1.88,2.02,1.83,1.93,-0.25,1.93,1.88,1.93,1.92,2.12,1.93,1.96,1.84
